-- phpMyAdmin SQL Dump
-- version 4.5.3.1
-- http://www.phpmyadmin.net
--
-- Host: localhost
-- Generation Time: 2017-12-10 14:09:47
-- 服务器版本： 5.5.13
-- PHP Version: 5.6.17

SET SQL_MODE = "NO_AUTO_VALUE_ON_ZERO";
SET time_zone = "+00:00";


/*!40101 SET @OLD_CHARACTER_SET_CLIENT=@@CHARACTER_SET_CLIENT */;
/*!40101 SET @OLD_CHARACTER_SET_RESULTS=@@CHARACTER_SET_RESULTS */;
/*!40101 SET @OLD_COLLATION_CONNECTION=@@COLLATION_CONNECTION */;
/*!40101 SET NAMES utf8mb4 */;

--
-- Database: `heartwaves`
--

-- --------------------------------------------------------

--
-- 表的结构 `h_article`
--

DROP TABLE IF EXISTS `h_article`;
CREATE TABLE `h_article` (
  `id` int(11) NOT NULL,
  `title` varchar(40) NOT NULL,
  `stitle` varchar(20) NOT NULL COMMENT '小标题',
  `jieshao` varchar(30) NOT NULL COMMENT '简介',
  `tg_type` varchar(50) NOT NULL COMMENT '推广类型',
  `start_time` varchar(15) NOT NULL COMMENT '开始时间',
  `end_time` varchar(15) NOT NULL COMMENT '结束时间',
  `content` text NOT NULL,
  `pic` varchar(150) NOT NULL COMMENT '活动图片',
  `uid` int(11) NOT NULL,
  `sid` int(11) NOT NULL COMMENT '店铺id',
  `fid` int(11) NOT NULL,
  `ctime` varchar(20) NOT NULL,
  `edittime` int(11) NOT NULL,
  `view` int(11) NOT NULL,
  `readnum` int(11) NOT NULL COMMENT '阅读数',
  `commentnum` int(11) NOT NULL COMMENT '评论',
  `collectionnum` int(11) NOT NULL COMMENT '收藏数',
  `attention` int(11) NOT NULL COMMENT '关注数',
  `extend` int(1) NOT NULL COMMENT '1是推广 2是不推广',
  `status` varchar(1) NOT NULL DEFAULT '1' COMMENT '1 是显示  2 是隐藏',
  `mp3` varchar(200) NOT NULL,
  `biaoqian` varchar(20) NOT NULL,
  `pingfen` int(11) NOT NULL DEFAULT '0',
  `istuijian` varchar(1) NOT NULL DEFAULT '2' COMMENT '1为推荐；2为不推荐',
  `typeid` int(11) NOT NULL
) ENGINE=InnoDB DEFAULT CHARSET=utf8;

-- --------------------------------------------------------

--
-- 表的结构 `h_authority`
--

DROP TABLE IF EXISTS `h_authority`;
CREATE TABLE `h_authority` (
  `id` int(11) NOT NULL,
  `aname` varchar(100) NOT NULL COMMENT '权限名',
  `acode` varchar(100) NOT NULL COMMENT '权限代码',
  `description` varchar(100) NOT NULL COMMENT '描述'
) ENGINE=InnoDB DEFAULT CHARSET=utf8;

--
-- 转存表中的数据 `h_authority`
--

INSERT INTO `h_authority` (`id`, `aname`, `acode`, `description`) VALUES
(1, '教学资源', 'ak47.get()', '教学资源'),
(2, '监测中心', 'e.purchase()', '监测中心'),
(4, '训练中心', 'knoledge()', '训练中心'),
(5, '放松中心', 'zxdxl()', '放松中心'),
(6, '记录中心', 'brain()', '记录中心'),
(7, '集中力训练', 'exceirse()', '集中力训练');

-- --------------------------------------------------------

--
-- 表的结构 `h_blogliuyan`
--

DROP TABLE IF EXISTS `h_blogliuyan`;
CREATE TABLE `h_blogliuyan` (
  `id` int(11) NOT NULL,
  `uid` int(11) NOT NULL,
  `name` varchar(30) NOT NULL,
  `tel` varchar(20) NOT NULL,
  `email` varchar(40) NOT NULL,
  `content` text NOT NULL,
  `ctime` int(11) NOT NULL,
  `ip` varchar(40) NOT NULL
) ENGINE=InnoDB DEFAULT CHARSET=utf8;

-- --------------------------------------------------------

--
-- 表的结构 `h_channel`
--

DROP TABLE IF EXISTS `h_channel`;
CREATE TABLE `h_channel` (
  `channel_id` int(11) NOT NULL,
  `name` varchar(10) NOT NULL
) ENGINE=InnoDB DEFAULT CHARSET=utf8;

--
-- 转存表中的数据 `h_channel`
--

INSERT INTO `h_channel` (`channel_id`, `name`) VALUES
(1, '美食'),
(2, '电影'),
(3, '旅游'),
(4, '家具'),
(5, '美文'),
(6, '时尚'),
(7, '育儿'),
(8, '体育'),
(9, '灵感'),
(10, '搞笑'),
(11, '星座'),
(12, '文化'),
(13, '历史'),
(14, '教育'),
(15, '数码');

-- --------------------------------------------------------

--
-- 表的结构 `h_code`
--

DROP TABLE IF EXISTS `h_code`;
CREATE TABLE `h_code` (
  `id` int(11) NOT NULL,
  `code` varchar(30) NOT NULL,
  `status` int(11) NOT NULL,
  `user` varchar(40) NOT NULL
) ENGINE=InnoDB DEFAULT CHARSET=utf8;

--
-- 转存表中的数据 `h_code`
--

INSERT INTO `h_code` (`id`, `code`, `status`, `user`) VALUES
(1, 'hkjchkagyaisu', 1, '7313710150@qq.com'),
(160, '0', 0, ''),
(161, 'asdasd', 0, ''),
(162, 'e7632829718', 0, '');

-- --------------------------------------------------------

--
-- 表的结构 `h_comment`
--

DROP TABLE IF EXISTS `h_comment`;
CREATE TABLE `h_comment` (
  `id` int(11) NOT NULL,
  `name` varchar(20) NOT NULL,
  `email` varchar(30) NOT NULL,
  `content` varchar(200) NOT NULL,
  `comment_pic` text NOT NULL COMMENT '评论图片',
  `uid` int(11) NOT NULL,
  `replay` int(11) NOT NULL,
  `ctime` int(11) NOT NULL,
  `aid` int(11) NOT NULL,
  `zan` int(11) NOT NULL COMMENT '点赞数量',
  `is_zan` int(11) NOT NULL DEFAULT '1' COMMENT '1是未赞过 2 是赞过',
  `article_id` int(11) UNSIGNED NOT NULL COMMENT '文章id'
) ENGINE=InnoDB DEFAULT CHARSET=utf8;

--
-- 转存表中的数据 `h_comment`
--

INSERT INTO `h_comment` (`id`, `name`, `email`, `content`, `comment_pic`, `uid`, `replay`, `ctime`, `aid`, `zan`, `is_zan`, `article_id`) VALUES
(1, '雨零', '', '评论下效果', '', 3, 0, 1477276433, 17, 0, 1, 17);

-- --------------------------------------------------------

--
-- 表的结构 `h_datas`
--

DROP TABLE IF EXISTS `h_datas`;
CREATE TABLE `h_datas` (
  `id` int(11) NOT NULL,
  `datas` varchar(500) NOT NULL COMMENT '记录数据',
  `rid` int(11) NOT NULL COMMENT '记录表id',
  `username` varchar(200) NOT NULL COMMENT '用户名',
  `EP` varchar(200) NOT NULL,
  `pulse` varchar(200) NOT NULL COMMENT '脉搏',
  `IBI` varchar(200) NOT NULL,
  `HRV` varchar(200) NOT NULL,
  `PPG` varchar(200) NOT NULL COMMENT '频谱',
  `time` varchar(50) NOT NULL COMMENT '记录时间'
) ENGINE=InnoDB DEFAULT CHARSET=utf8 COMMENT='EP 脉搏 IBI等数据';

--
-- 转存表中的数据 `h_datas`
--

INSERT INTO `h_datas` (`id`, `datas`, `rid`, `username`, `EP`, `pulse`, `IBI`, `HRV`, `PPG`, `time`) VALUES
(1, '{ "datas": [ { "EP": "0.01", "IBI": ".0.2", "HRV": "0.3", "time": "00:10", "PPG": "0.02", "pulse": "0.01" }, { "EP": "0.01", "IBI": ".0.2", "HRV": "0.3", "time": "00:20", "PPG": "0.02", "pulse": "0.01" }, { "EP": "0.01", "IBI": ".0.2", "HRV": ".0.3", "time": "00:30", "PPG": "0.02", "pulse": "0.01" } ] }', 3, '小屁孩', '', '', '', '', '', ''),
(5, '{ "datas": [ { "EP": "80", "IBI": ".0.2", "HRV": "0.3", "time": "10", "PPG": "0.02", "pulse": "0.01" }, { "EP": "60", "IBI": ".0.2", "HRV": "0.3", "time": "20", "PPG": "0.02", "pulse": "0.01" }, { "EP": "90", "IBI": ".0.2", "HRV": ".0.3", "time": "30", "PPG": "0.02", "pulse": "0.01" } ] }', 15, '屁孩', '', '', '', '', '', ''),
(6, '{}', 16, '小屁孩', '', '', '', '', '', ''),
(7, '{}', 17, '小屁孩', '', '', '', '', '', '');

-- --------------------------------------------------------

--
-- 表的结构 `h_email_set`
--

DROP TABLE IF EXISTS `h_email_set`;
CREATE TABLE `h_email_set` (
  `id` int(11) NOT NULL,
  `smtpserver` varchar(200) NOT NULL COMMENT 'SMTP服务器',
  `smtpserverport` int(11) NOT NULL COMMENT 'SMTP服务器端口',
  `smtpusermail` varchar(200) NOT NULL COMMENT 'SMTP服务器的用户邮箱',
  `smtpuser` varchar(200) NOT NULL COMMENT 'SMTP服务器的用户帐号',
  `smtppass` varchar(200) NOT NULL COMMENT 'SMTP服务器的用户密码',
  `reg_set_admin` int(11) NOT NULL COMMENT '用户注册 管理员是否收到邮件 0是 1不是',
  `reg_set_user` int(11) NOT NULL COMMENT '用户注册 用户是否收到邮件 0是 1不是',
  `send_article_set` int(11) NOT NULL COMMENT '用户发表文章  管理员是否收到邮件 0是 1 不是',
  `comment_set` int(11) NOT NULL COMMENT '用户回复 管理员是否收到邮件 0是 1不是',
  `message_set` int(11) NOT NULL COMMENT '收到留言是否发邮件 0是 1不是'
) ENGINE=InnoDB DEFAULT CHARSET=utf8;

--
-- 转存表中的数据 `h_email_set`
--

INSERT INTO `h_email_set` (`id`, `smtpserver`, `smtpserverport`, `smtpusermail`, `smtpuser`, `smtppass`, `reg_set_admin`, `reg_set_user`, `send_article_set`, `comment_set`, `message_set`) VALUES
(1, 'smtp.163.com', 25, 'zhaodong1475@163.com', 'zhaodong1475@163.com', 'zxc123456', 0, 0, 0, 0, 1);

-- --------------------------------------------------------

--
-- 表的结构 `h_email_type`
--

DROP TABLE IF EXISTS `h_email_type`;
CREATE TABLE `h_email_type` (
  `id` int(11) NOT NULL,
  `reg_user_title` varchar(200) NOT NULL COMMENT '用户注册用户收到邮件的标题',
  `reg_user_content` text NOT NULL COMMENT '用户注册用户收到邮件的内容',
  `reg_admin_title` varchar(200) NOT NULL COMMENT '用户注册管理员收到邮件的标题',
  `reg_admin_content` text NOT NULL COMMENT '用户注册管理员收到邮件的内容',
  `send_article_title` varchar(200) NOT NULL COMMENT '用户发文章管理员收到邮件的标题',
  `send_article_content` text NOT NULL COMMENT '用户发文章管理员收到邮件的内容',
  `send_comment_title` varchar(200) NOT NULL COMMENT '用户评论管理员收到邮件的标题',
  `send_comment_content` text NOT NULL COMMENT '用户评论管理员收到邮件的内容',
  `send_message_title` varchar(200) NOT NULL COMMENT '用户收到留言用户邮件的标题',
  `send_message_content` text NOT NULL COMMENT '用户收到留言用户邮件内容'
) ENGINE=InnoDB DEFAULT CHARSET=utf8;

--
-- 转存表中的数据 `h_email_type`
--

INSERT INTO `h_email_type` (`id`, `reg_user_title`, `reg_user_content`, `reg_admin_title`, `reg_admin_content`, `send_article_title`, `send_article_content`, `send_comment_title`, `send_comment_content`, `send_message_title`, `send_message_content`) VALUES
(1, '恭喜您注册本站', '&lt;p&gt;&lt;/p&gt;&lt;p&gt;&lt;/p&gt;&lt;p&gt;&lt;em&gt;&lt;strong&gt;&lt;span style=&quot;text-decoration:underline;&quot;&gt;请阅读加入本站许可条例！&lt;img src=&quot;http://img.baidu.com/hi/jx2/j_0057.gif&quot; _src=&quot;http://img.baidu.com/hi/jx2/j_0057.gif&quot;/&gt;&lt;/span&gt;&lt;/strong&gt;&lt;/em&gt;&lt;/p&gt;&lt;p&gt;&lt;/p&gt;&lt;p&gt;&lt;/p&gt;', '来人啊', '&lt;p&gt;&lt;/p&gt;&lt;p&gt;&lt;/p&gt;&lt;p&gt;有人注册了，尽快审核!&lt;br/&gt;&lt;/p&gt;&lt;p&gt;&lt;/p&gt;&lt;p&gt;&lt;/p&gt;', '有人发表文章了呦', '&lt;p&gt;&lt;/p&gt;&lt;p&gt;&lt;/p&gt;&lt;p&gt;&lt;/p&gt;&lt;p&gt;阿萨德按时打算打算的阿萨德阿萨德&lt;img src=&quot;http://img.baidu.com/hi/bobo/B_0004.gif&quot; _src=&quot;http://img.baidu.com/hi/bobo/B_0004.gif&quot;/&gt;a&lt;/p&gt;&lt;p&gt;&lt;/p&gt;&lt;p&gt;&lt;/p&gt;&lt;p&gt;&lt;/p&gt;', '亲爱的管理员 有人评论文章了呦11122', '<p></p><p></p><p></p><p></p><p>阿萨德很卡金士顿贺卡上接电话卡接收到华盛顿安达市安达市阿萨德1111221</p><p></p><p></p><p></p><p></p>', '亲爱的管理员有用户留言了啊！', '<p></p><p>9<img src="http://img.baidu.com/hi/jx2/j_0002.gif" _src="http://img.baidu.com/hi/jx2/j_0002.gif"/></p><p>阿萨德安静收<strong>到货卡收到后卡萨达加</strong></p><p><strong>阿萨德阿萨德阿萨德安达</strong>市</p><p>阿萨德那就是的很快就阿萨德阿萨德阿萨德<br/></p><p></p>');

-- --------------------------------------------------------

--
-- 表的结构 `h_fenlei`
--

DROP TABLE IF EXISTS `h_fenlei`;
CREATE TABLE `h_fenlei` (
  `id` int(11) NOT NULL,
  `name` varchar(30) NOT NULL,
  `fid` int(11) NOT NULL,
  `description` varchar(200) NOT NULL COMMENT '权限描述',
  `acode` varchar(500) NOT NULL COMMENT '权限代码'
) ENGINE=InnoDB DEFAULT CHARSET=utf8;

--
-- 转存表中的数据 `h_fenlei`
--

INSERT INTO `h_fenlei` (`id`, `name`, `fid`, `description`, `acode`) VALUES
(1, '训练中心', 0, '训练中心描述', 'train/centert'),
(2, '记录中心', 0, '描述记录', 'record/center'),
(3, '教学资源', 0, '教学资源描述', 'teacher/resources'),
(4, '监测中心', 0, '', 'monitor/center'),
(5, '放松中心', 0, '', 'relax/center'),
(6, '调节训练区', 1, '', 'adjust/area'),
(7, '认知训练区', 1, '', ''),
(8, '仿真情境区', 1, '', ''),
(9, '操作训练区', 1, '', ''),
(10, '冥想放松', 5, '', ''),
(11, '肌肉放松', 5, '', ''),
(12, '音乐放松', 5, '', ''),
(13, '自选音乐', 5, '', ''),
(14, '引导睡眠', 12, '', ''),
(15, '深度减压', 12, '', ''),
(16, '潜能激发', 12, '', ''),
(17, '自然音频', 12, '', ''),
(18, '挪来移去', 7, '', ''),
(19, '看图绘画', 7, '', ''),
(20, '边缘视力', 7, '', ''),
(21, '多彩球', 7, '', ''),
(22, '方向瞬记', 7, '', ''),
(23, '以此类推', 7, '', ''),
(24, '荷韵', 6, '', ''),
(25, '梅花', 6, '', ''),
(26, '丝路', 6, '', ''),
(27, '菩提树', 6, '', ''),
(28, '生命之泉', 6, '', ''),
(29, '星空', 6, '', ''),
(30, '亲子教育', 8, '', ''),
(31, '情感生活', 8, '', ''),
(32, '情绪压力', 8, '', ''),
(33, '恐惧', 8, '', ''),
(34, '爆刀', 8, '', ''),
(35, '暴力', 8, '', ''),
(36, '神笔马良', 9, '', ''),
(37, '冒险岛', 9, '', ''),
(38, '射箭', 9, '', ''),
(39, '指标趋势', 2, '', ''),
(40, '导出记录', 2, '', ''),
(41, '筛选记录', 2, '筛选记录', 'screen/record'),
(43, '一、HRV原理及自主平衡三步法', 3, '一、HRV原理及自主平衡三步法', ''),
(44, '二、真人视频教学', 3, '二、真人视频教学', ''),
(45, 'HRV', 4, 'HRV', ''),
(46, '频谱', 4, '频谱', ''),
(47, '脉搏', 4, '', ''),
(48, '事件标记', 4, '', ''),
(49, '开始', 4, '', ''),
(50, '设置', 4, '', ''),
(56, '监测记录', 2, '', ''),
(57, '训练记录', 2, '', ''),
(58, '放松记录', 2, '', ''),
(59, '删除权限', 2, '', ''),
(60, '1、心率变异性概念介绍', 43, '', ''),
(61, '2、心率变异性与自主神经系统', 43, '', ''),
(62, '3、自主平衡三步法', 43, '', ''),
(63, '连续播放', 43, '', ''),
(64, '1、意念锁定', 44, '', ''),
(65, '2、呼吸谐振', 44, '', ''),
(66, '3、情感转移', 44, '', ''),
(67, '连续播放', 44, '', ''),
(69, '提交更新', 0, '', '');

-- --------------------------------------------------------

--
-- 表的结构 `h_friendlink`
--

DROP TABLE IF EXISTS `h_friendlink`;
CREATE TABLE `h_friendlink` (
  `id` int(11) NOT NULL COMMENT '主键',
  `title` varchar(30) NOT NULL COMMENT '标题',
  `content` varchar(200) NOT NULL COMMENT '描述',
  `ctime` int(11) NOT NULL COMMENT '时间',
  `url` varchar(100) NOT NULL COMMENT '链接',
  `type` varchar(20) NOT NULL COMMENT '样式'
) ENGINE=InnoDB DEFAULT CHARSET=utf8;

-- --------------------------------------------------------

--
-- 表的结构 `h_gonggao`
--

DROP TABLE IF EXISTS `h_gonggao`;
CREATE TABLE `h_gonggao` (
  `id` int(11) NOT NULL,
  `title` varchar(30) NOT NULL,
  `content` varchar(220) NOT NULL,
  `ctime` varchar(50) NOT NULL,
  `jl_id` int(11) NOT NULL
) ENGINE=InnoDB DEFAULT CHARSET=utf8;

--
-- 转存表中的数据 `h_gonggao`
--

INSERT INTO `h_gonggao` (`id`, `title`, `content`, `ctime`, `jl_id`) VALUES
(8, '欢迎使用党校心理训练系统！sfdsfs', '欢迎使用党校心理训练系统！dsfdsfdsfdsf', '2017-04-01 11:18:00', 0),
(9, '欢迎使用党校心理训练系统！', '   欢迎使用党校心理训练系统！', '2017-03-17 09:54:11', 3),
(14, '欢迎使用党校心理训练系统！', '您好，欢迎参加由中共上海市委党校组织的领导干部心理调适训练课程。在这里您将学习到许多有关心理健康的知识。让我们一起，开启健康之旅。。。。', '2017-04-01 11:18:35', 0),
(16, '您好', '您好，欢迎来到泰博吉信健康管理中心', '2017-04-14 14:52:32', 0),
(17, '你好', '您好，欢迎使用HRV心理调适训练系统', '2017-05-10 11:55:58', 0),
(18, '你好啊 ', '欢迎来到 不靠谱中心', '2017-08-14 17:04:57', 3),
(19, '最新', '欢迎使用HRV心理调适训练系统', '2017-09-16 23:33:41', 2),
(20, '欢迎使用', '欢迎使用', '2017-09-11 10:46:00', 2);

-- --------------------------------------------------------

--
-- 表的结构 `h_jingli`
--

DROP TABLE IF EXISTS `h_jingli`;
CREATE TABLE `h_jingli` (
  `id` int(11) NOT NULL,
  `status` varchar(10) NOT NULL,
  `username` varchar(30) NOT NULL,
  `password` varchar(32) NOT NULL,
  `kouling` varchar(11) NOT NULL,
  `create_time` int(11) NOT NULL COMMENT '创建时间',
  `end_time` int(11) NOT NULL COMMENT '结束时间',
  `user_num` mediumint(11) NOT NULL COMMENT '用户上限',
  `lat_time` int(11) NOT NULL COMMENT '登录时间'
) ENGINE=InnoDB DEFAULT CHARSET=utf8;

--
-- 转存表中的数据 `h_jingli`
--

INSERT INTO `h_jingli` (`id`, `status`, `username`, `password`, `kouling`, `create_time`, `end_time`, `user_num`, `lat_time`) VALUES
(1, '0', 'admin', 'e85d971955cbdbbf8a2520db40ff909a', '', 0, 0, 0, 1512913999);

-- --------------------------------------------------------

--
-- 表的结构 `h_js`
--

DROP TABLE IF EXISTS `h_js`;
CREATE TABLE `h_js` (
  `id` int(11) NOT NULL,
  `name` varchar(21) NOT NULL COMMENT '角色名',
  `fid` text NOT NULL COMMENT '权限代码 分类id',
  `ctime` varchar(50) NOT NULL COMMENT '创建时间',
  `description` varchar(200) NOT NULL COMMENT '描述',
  `jcode` varchar(500) NOT NULL COMMENT '角色代码',
  `jl_id` varchar(100) NOT NULL COMMENT '经理id'
) ENGINE=InnoDB DEFAULT CHARSET=utf8;

--
-- 转存表中的数据 `h_js`
--

INSERT INTO `h_js` (`id`, `name`, `fid`, `ctime`, `description`, `jcode`, `jl_id`) VALUES
(1, '初级学员', '1,6,27,8,32', '1488952000', '初级训练内容', '', '2'),
(11, '中级学员', '1,6,24,25,27,28,7,18,19,20,21,9,36,38,2,56,57,58,3,43,60,61,62,63,44,64,65,66,67,4,45,46,47,50,5,10,11,69', '2017-03-08 20:25:51', '中级训练内容', 'manager', '2'),
(28, '高级学员', '1,6,24,25,26,27,28,29,7,18,19,20,21,22,23,8,32,9,36,37,38,2,56,57,58,3,43,60,61,62,63,44,64,65,66,67,4,45,46,47,48,49,50,5,10,11,12,14,15,16,17,13,69', '2017-03-22 16:19:08', '开启全部训练', '', '2'),
(29, '管理员', '1,2,3,4,5,6,7,8,9,10,11,12,13,14,15,16,17,18,19,20,21,22,23,24,25,26,27,28,29,30,31,32,33,34,35,36,37,38,39,40,41,43,44,45,46,47,48,49,50,56,57,58,59,60,61,62,63,64,65,66,67,69', '2017-09-10 00:00:33', '全部功能可用', '', '2'),
(30, '游客', '1,2,3,4,5,6,7,8,9,10,12,25,43,45,46,47,49,56,57,58,60', '2017-09-10 00:00:53', '只能体验少部分功能', '', '2'),
(31, '初级学员', '1,6,24,25,26,27,28,29,7,18,19,20,21,22,23,8,30,31,32,33,34,35,9,36,37,38,2,39,40,41,56,57,58,59,3,43,60,61,62,63,44,64,65,66,67,4,45,46,47,48,49,50,5,10,11,12,14,15,16,17,13,69', '1488952000', '初级训练', '', '14'),
(32, '中级学员', '1,6,24,25,27,28,7,18,19,20,21,9,36,38,2,56,57,58,3,43,60,61,62,63,44,64,65,66,67,4,45,46,47,50,5,10,11,69', '2017-03-08 20:25:51', '中级训练内容', 'manager', '14'),
(33, '高级学员', '1,6,24,25,26,27,28,29,7,18,19,20,21,22,23,8,32,9,36,37,38,2,56,57,58,3,43,60,61,62,63,44,64,65,66,67,4,45,46,47,48,49,50,5,10,11,12,14,15,16,17,13,69', '2017-03-22 16:19:08', '开启全部训练', '', '14'),
(34, '管理员', '1,2,3,4,5,6,7,8,9,10,11,12,13,14,15,16,17,18,19,20,21,22,23,24,25,26,27,28,29,30,31,32,33,34,35,36,37,38,39,40,41,43,44,45,46,47,48,49,50,56,57,58,59,60,61,62,63,64,65,66,67,69', '2017-09-10 00:00:33', '全部功能可用', '', '14'),
(35, '游客', '1,2,3,4,5,6,7,8,9,10,12,25,43,45,46,47,49,56,57,58,60', '2017-09-10 00:00:53', '只能体验少部分功能', '', '14'),
(36, '初级学员', '1,6,24,25,26,27,28,29,7,18,19,20,21,22,23,8,30,31,32,33,34,35,9,36,37,38,2,39,40,41,56,57,58,59,3,43,60,61,62,63,44,64,65,66,67,4,45,46,47,48,49,50,5,10,11,12,14,15,16,17,13,69', '2017-10-2015:47:21', '初级训练', '', '21'),
(37, '中级学员', '1,6,24,25,26,27,28,29,7,18,19,20,21,22,23,8,30,31,32,33,34,35,9,36,37,38,2,39,40,41,56,57,58,59,3,43,60,61,62,63,44,64,65,66,67,4,45,46,47,48,49,50,5,10,11,12,14,15,16,17,13,69', '2017-10-2015:47:21', '中级训练内容', 'manager', '21'),
(38, '高级学员', '1,6,24,25,26,27,28,29,7,18,19,20,21,22,23,8,30,31,32,33,34,35,9,36,37,38,2,39,40,41,56,57,58,59,3,43,60,61,62,63,44,64,65,66,67,4,45,46,47,48,49,50,5,10,11,12,14,15,16,17,13,69', '2017-10-2015:47:21', '开启全部训练', '', '21'),
(39, '管理员', '1,6,24,25,26,27,28,29,7,18,19,20,21,22,23,8,30,31,32,33,34,35,9,36,37,38,2,39,40,41,56,57,58,59,3,43,60,61,62,63,44,64,65,66,67,4,45,46,47,48,49,50,5,10,11,12,14,15,16,17,13,69', '2017-10-2015:47:21', '全部功能可用', '', '21'),
(40, '游客', '1,6,24,25,26,27,28,29,7,18,19,20,21,22,23,8,30,31,32,33,34,35,9,36,37,38,2,39,40,41,56,57,58,59,3,43,60,61,62,63,44,64,65,66,67,4,45,46,47,48,49,50,5,10,11,12,14,15,16,17,13,69', '2017-10-2015:47:21', '只能体验少部分功能', '', '21'),
(41, '初级学员', '1,6,24,25,26,27,28,29,7,18,19,20,21,22,23,8,30,31,32,33,34,35,9,36,37,38,2,39,40,41,56,57,58,59,3,43,60,61,62,63,44,64,65,66,67,4,45,46,47,48,49,50,5,10,11,12,14,15,16,17,13,69', '2017-10-2016:24:18', '初级训练', '', '22'),
(42, '中级学员', '1,6,24,25,26,27,28,29,7,18,19,20,21,22,23,8,30,31,32,33,34,35,9,36,37,38,2,39,40,41,56,57,58,59,3,43,60,61,62,63,44,64,65,66,67,4,45,46,47,48,49,50,5,10,11,12,14,15,16,17,13,69', '2017-10-2016:24:18', '中级训练内容', 'manager', '22'),
(43, '高级学员', '1,6,24,25,26,27,28,29,7,18,19,20,21,22,23,8,30,31,32,33,34,35,9,36,37,38,2,39,40,41,56,57,58,59,3,43,60,61,62,63,44,64,65,66,67,4,45,46,47,48,49,50,5,10,11,12,14,15,16,17,13,69', '2017-10-2016:24:18', '开启全部训练', '', '22'),
(44, '管理员', '1,6,24,25,26,27,28,29,7,18,19,20,21,22,23,8,30,31,32,33,34,35,9,36,37,38,2,39,40,41,56,57,58,59,3,43,60,61,62,63,44,64,65,66,67,4,45,46,47,48,49,50,5,10,11,12,14,15,16,17,13,69', '2017-10-2016:24:18', '全部功能可用', '', '22'),
(45, '游客', '1,2,3,4,5,6,7,8,9,10,11,12,13,14,15,16,17,18,19,20,21,22,23,24,25,26,27,28,29,30,31,32,33,34,35,36,37,38,39,40,41,43,44,45,46,47,48,49,50,56,57,58,59,60,61,62,63,64,65,66,67,69', '2017-10-2016:24:18', '只能体验少部分功能', '', '22'),
(46, '', '', '2017-10-2019:07:30', '', '', '23'),
(47, '中级学员', '1,6,7', '2017-10-2019:07:30', '中级训练内容', 'manager', '23'),
(48, '高级学员', '1,6,24,25,26,27,28,29,7,18,19,20,21,22,23,8,30,31,32,33,34,35,9,36,37,38,2,39,40,41,56,57,58,59,3,43,60,61,62,63,44,64,65,66,67,4,45,46,47,48,49,50,5,10,11,12,14,15,16,17,13,69', '2017-10-2019:07:30', '开启全部训练', '', '23'),
(49, '管理员', '1,6,24,25,26,27,28,29,7,18,19,20,21,22,23,8,30,31,32,33,34,35,9,36,37,38,2,39,40,41,56,57,58,59,3,43,60,61,62,63,44,64,65,66,67,4,45,46,47,48,49,50,5,10,11,12,14,15,16,17,13,69', '2017-10-2019:07:30', '全部功能可用', '', '23'),
(50, '游客', '1,6,24,25,26,27,28,29,7,18,19,20,21,22,23,8,30,31,32,33,34,35,9,36,37,38,2,39,40,41,56,57,58,59,3,43,60,61,62,63,44,64,65,66,67,4,45,46,47,48,49,50,5,10,11,12,14,15,16,17,13,69', '2017-10-2019:07:30', '只能体验少部分功能', '', '23'),
(51, '初级学员', '1,6,24,25,26,27,28,29,7,18,19,20,21,22,23,8,30,31,32,33,34,35,9,36,37,38,2,39,40,41,56,57,58,59,3,43,60,61,62,63,44,64,65,66,67,4,45,46,47,48,49,50,5,10,11,12,14,15,16,17,13,69', '2017-12-0616:39:28', '初级训练', '', '24'),
(52, '中级学员', '1,6,24,25,26,27,28,29,7,18,19,20,21,22,23,8,30,31,32,33,34,35,9,36,37,38,2,39,40,41,56,57,58,59,3,43,60,61,62,63,44,64,65,66,67,4,45,46,47,48,49,50,5,10,11,12,14,15,16,17,13,69', '2017-12-0616:39:28', '中级训练内容', 'manager', '24'),
(53, '高级学员', '1,6,24,25,26,27,28,29,7,18,19,20,21,22,23,8,30,31,32,33,34,35,9,36,37,38,2,39,40,41,56,57,58,59,3,43,60,61,62,63,44,64,65,66,67,4,45,46,47,48,49,50,5,10,11,12,14,15,16,17,13,69', '2017-12-0616:39:28', '开启全部训练', '', '24'),
(54, '管理员', '1,6,24,25,26,27,28,29,7,18,19,20,21,22,23,8,30,31,32,33,34,35,9,36,37,38,2,39,40,41,56,57,58,59,3,43,60,61,62,63,44,64,65,66,67,4,45,46,47,48,49,50,5,10,11,12,14,15,16,17,13,69', '2017-12-0616:39:28', '全部功能可用', '', '24'),
(55, '游客', '1,6,24,25,26,27,28,29,7,18,19,20,21,22,23,8,30,31,32,33,34,35,9,36,37,38,2,39,40,41,56,57,58,59,3,43,60,61,62,63,44,64,65,66,67,4,45,46,47,48,49,50,5,10,11,12,14,15,16,17,13,69', '2017-12-0616:39:28', '只能体验少部分功能', '', '24'),
(56, '初级学员', '1,6,24,25,26,27,28,29,7,18,19,20,21,22,23,8,30,31,32,33,34,35,9,36,37,38,2,39,40,41,56,57,58,59,3,43,60,61,62,63,44,64,65,66,67,4,45,46,47,48,49,50,5,10,11,12,14,15,16,17,13,69', '2017-12-0619:53:37', '初级训练', '', '25'),
(57, '中级学员', '1,6,24,25,26,27,28,29,7,18,19,20,21,22,23,8,30,31,32,33,34,35,9,36,37,38,2,39,40,41,56,57,58,59,3,43,60,61,62,63,44,64,65,66,67,4,45,46,47,48,49,50,5,10,11,12,14,15,16,17,13,69', '2017-12-0619:53:37', '中级训练内容', 'manager', '25'),
(58, '高级学员', '1,6,24,25,26,27,28,29,7,18,19,20,21,22,23,8,30,31,32,33,34,35,9,36,37,38,2,39,40,41,56,57,58,59,3,43,60,61,62,63,44,64,65,66,67,4,45,46,47,48,49,50,5,10,11,12,14,15,16,17,13,69', '2017-12-0619:53:37', '开启全部训练', '', '25'),
(59, '管理员', '1,6,24,25,26,27,28,29,7,18,19,20,21,22,23,8,30,31,32,33,34,35,9,36,37,38,2,39,40,41,56,57,58,59,3,43,60,61,62,63,44,64,65,66,67,4,45,46,47,48,49,50,5,10,11,12,14,15,16,17,13,69', '2017-12-0619:53:37', '全部功能可用', '', '25'),
(60, '游客', '1,6,24,25,26,27,28,29,7,18,19,20,21,22,23,8,30,31,32,33,34,35,9,36,37,38,2,39,40,41,56,57,58,59,3,43,60,61,62,63,44,64,65,66,67,4,45,46,47,48,49,50,5,10,11,12,14,15,16,17,13,69', '2017-12-0619:53:37', '只能体验少部分功能', '', '25'),
(61, '初级学员', '1,6,27', '2017-12-0620:31:44', '初级训练', '', '26'),
(62, '中级学员', '1,6,24,25,26,27,28,29,7,18,19,20,21,22,23,8,30,31,32,33,34,35,9,36,37,38,2,39,40,41,56,57,58,59,3,43,60,61,62,63,44,64,65,66,67,4,45,46,47,48,49,50,5,10,11,12,14,15,16,17,13,69', '2017-12-0620:31:44', '中级训练内容', 'manager', '26'),
(63, '高级学员', '1,6,24,25,26,27,28,29,7,18,19,20,21,22,23,8,30,31,32,33,34,35,9,36,37,38,2,39,40,41,56,57,58,59,3,43,60,61,62,63,44,64,65,66,67,4,45,46,47,48,49,50,5,10,11,12,14,15,16,17,13,69', '2017-12-0620:31:44', '开启全部训练', '', '26'),
(64, '管理员', '1,6,24,25,26,27,28,29,7,18,19,20,21,22,23,8,30,31,32,33,34,35,9,36,37,38,2,39,40,41,56,57,58,59,3,43,60,61,62,63,44,64,65,66,67,4,45,46,47,48,49,50,5,10,11,12,14,15,16,17,13,69', '2017-12-0620:31:44', '全部功能可用', '', '26'),
(65, '游客', '1,6,24,25,26,27,28,29,7,18,19,20,21,22,23,8,30,31,32,33,34,35,9,36,37,38,2,39,40,41,56,57,58,59,3,43,60,61,62,63,44,64,65,66,67,4,45,46,47,48,49,50,5,10,11,12,14,15,16,17,13,69', '2017-12-0620:31:44', '只能体验少部分功能', '', '26'),
(66, '初级学员', '1,6,24', '2017-12-1015:11:59', '初级训练', '', '27'),
(67, '中级学员', '1,6,24,25,26,27,28,29,7,18,19,20,21,22,23,8,30,31,32,33,34,35,9,36,37,38,2,39,40,41,56,57,58,59,3,43,60,61,62,63,44,64,65,66,67,4,45,46,47,48,49,50,5,10,11,12,14,15,16,17,13,69', '2017-12-1015:11:59', '中级训练内容', 'manager', '27'),
(68, '高级学员', '1,6,24,25,26,27,28,29,7,18,19,20,21,22,23,8,30,31,32,33,34,35,9,36,37,38,2,39,40,41,56,57,58,59,3,43,60,61,62,63,44,64,65,66,67,4,45,46,47,48,49,50,5,10,11,12,14,15,16,17,13,69', '2017-12-1015:11:59', '开启全部训练', '', '27'),
(69, '管理员', '1,6,24,25,26,27,28,29,7,18,19,20,21,22,23,8,30,31,32,33,34,35,9,36,37,38,2,39,40,41,56,57,58,59,3,43,60,61,62,63,44,64,65,66,67,4,45,46,47,48,49,50,5,10,11,12,14,15,16,17,13,69', '2017-12-1015:11:59', '全部功能可用', '', '27'),
(70, '游客', '1,6,24,25,26,27,28,29,7,18,19,20,21,22,23,8,30,31,32,33,34,35,9,36,37,38,2,39,40,41,56,57,58,59,3,43,60,61,62,63,44,64,65,66,67,4,45,46,47,48,49,50,5,10,11,12,14,15,16,17,13,69', '2017-12-1015:11:59', '只能体验少部分功能', '', '27'),
(71, '初级学员', '1,6,27,7,19,8,31,9,37', '2017-12-1016:30:23', '初级训练', '', '28'),
(72, '中级学员', '1,6,24,25,26,27,28,29,7,18,19,20,21,22,23,8,30,31,32,33,34,35,9,36,37,38,2,39,40,41,56,57,58,59,3,43,60,61,62,63,44,64,65,66,67,4,45,46,47,48,49,50,5,10,11,12,14,15,16,17,13,69', '2017-12-1016:30:23', '中级训练内容', 'manager', '28'),
(73, '高级学员', '1,6,24,25,26,27,28,29,7,18,19,20,21,22,23,8,30,31,32,33,34,35,9,36,37,38,2,39,40,41,56,57,58,59,3,43,60,61,62,63,44,64,65,66,67,4,45,46,47,48,49,50,5,10,11,12,14,15,16,17,13,69', '2017-12-1016:30:23', '开启全部训练', '', '28'),
(74, '管理员', '1,6,24,25,26,27,28,29,7,18,19,20,21,22,23,8,30,31,32,33,34,35,9,36,37,38,2,39,40,41,56,57,58,59,3,43,60,61,62,63,44,64,65,66,67,4,45,46,47,48,49,50,5,10,11,12,14,15,16,17,13,69', '2017-12-1016:30:23', '全部功能可用', '', '28'),
(75, '游客', '1,6,24,25,26,27,28,29,7,18,19,20,21,22,23,8,30,31,32,33,34,35,9,36,37,38,2,39,40,41,56,57,58,59,3,43,60,61,62,63,44,64,65,66,67,4,45,46,47,48,49,50,5,10,11,12,14,15,16,17,13,69', '2017-12-1016:30:23', '只能体验少部分功能', '', '28');

-- --------------------------------------------------------

--
-- 表的结构 `h_liuyan`
--

DROP TABLE IF EXISTS `h_liuyan`;
CREATE TABLE `h_liuyan` (
  `id` int(11) NOT NULL,
  `color` varchar(10) NOT NULL,
  `ip` varchar(30) NOT NULL,
  `title` varchar(30) NOT NULL,
  `content` varchar(100) NOT NULL,
  `ctime` int(11) NOT NULL,
  `name` varchar(20) NOT NULL,
  `uid` int(11) NOT NULL COMMENT '留言者id'
) ENGINE=InnoDB DEFAULT CHARSET=utf8;

-- --------------------------------------------------------

--
-- 表的结构 `h_log`
--

DROP TABLE IF EXISTS `h_log`;
CREATE TABLE `h_log` (
  `id` int(11) NOT NULL,
  `detail` varchar(200) NOT NULL COMMENT '操作详情',
  `ip` varchar(16) NOT NULL COMMENT 'ip地址',
  `start_time` varchar(21) NOT NULL COMMENT '开始时间'
) ENGINE=InnoDB DEFAULT CHARSET=utf8;

--
-- 转存表中的数据 `h_log`
--

INSERT INTO `h_log` (`id`, `detail`, `ip`, `start_time`) VALUES
(2, '刷通第一关副本!', '192.168.1.12', '123123123'),
(3, '12', '192.192.192.100', '');

-- --------------------------------------------------------

--
-- 表的结构 `h_member`
--

DROP TABLE IF EXISTS `h_member`;
CREATE TABLE `h_member` (
  `id` int(11) NOT NULL,
  `store_id` int(11) NOT NULL COMMENT '商铺id',
  `user_id` int(11) NOT NULL COMMENT '会员id',
  `addtime` varchar(20) NOT NULL COMMENT '关注时间'
) ENGINE=InnoDB DEFAULT CHARSET=utf8 COMMENT='店铺会员';

-- --------------------------------------------------------

--
-- 表的结构 `h_mood`
--

DROP TABLE IF EXISTS `h_mood`;
CREATE TABLE `h_mood` (
  `id` int(11) NOT NULL,
  `uid` int(11) NOT NULL,
  `moodtime` varchar(100) NOT NULL COMMENT '记录时间',
  `moodsocre` varchar(100) NOT NULL COMMENT '心情分数',
  `moodmark` varchar(500) NOT NULL COMMENT '心情备注'
) ENGINE=InnoDB DEFAULT CHARSET=utf8;

--
-- 转存表中的数据 `h_mood`
--

INSERT INTO `h_mood` (`id`, `uid`, `moodtime`, `moodsocre`, `moodmark`) VALUES
(1, 1, '2017-03-04 15:39:58', '90', ''),
(2, 1, '2017-03-05 23:18:53', '50', ''),
(3, 1, '2017-03-04 23:19:11', '50', ''),
(4, 0, '2017-03-06 21:14:56', '5', ''),
(5, 0, '2017-03-06 21:15:42', '85', ''),
(6, 1, '2017-03-06 22:40:17', '85', ''),
(7, 1, '2017-03-06 22:45:31', '50', ''),
(8, 1, '2017-03-06 22:48:51', '85', ''),
(9, 1, '2017-03-08 00:31:10', '50', ''),
(10, 0, '2017-03-08 09:05:47', '71', ''),
(11, 1, '2017-03-08 09:36:13', '90', ''),
(12, 1, '2017-03-08 12:48:34', '79.8795180722892', ''),
(13, 1, '2017-03-08 12:51:56', '77.710843373494', ''),
(14, 1, '2017-03-08 12:53:30', '79.8795180722891', ''),
(15, 1, '2017-03-08 12:54:49', '80.3614457831325', ''),
(16, 1, '2017-03-08 12:59:00', '83.9759036144578', ''),
(17, 1, '2017-03-08 13:00:18', '81.3253012048193', ''),
(18, 1, '2017-03-08 13:04:01', '90.4819277108434', ''),
(19, 1, '2017-03-08 13:42:06', '67', ''),
(20, 1, '2017-03-08 13:42:37', '96.5060240963855', ''),
(21, 1, '2017-03-08 13:42:53', '22.7710843373494', ''),
(22, 1, '2017-03-08 14:19:58', '85', ''),
(23, 1, '2017-03-08 15:16:31', '95', ''),
(24, 1, '2017-03-08 16:52:21', '50', ''),
(25, 1, '2017-03-08 16:52:31', '50', ''),
(26, 1, '2017-03-08 16:52:56', '50', ''),
(27, 1, '2017-03-08 16:53:15', '67', ''),
(28, 1, '2017-03-08 16:54:55', '50', ''),
(29, 1, '2017-03-08 17:01:27', '85', ''),
(30, 1, '2017-03-08 17:02:33', '44', '但是撒大'),
(31, 1, '2017-03-08 17:03:58', '50', '1212'),
(32, 1, '2017-03-08 17:04:06', '50', '21313'),
(33, 1, '2017-03-08 17:04:12', '32', '121'),
(34, 1, '2017-03-11 23:26:22', '15', '1'),
(35, 1, '2017-03-12 00:07:07', '50', ''),
(36, 1, '2017-03-12 00:07:29', '47.5903614457831', '大家好'),
(37, 1, '2017-03-14 17:57:25', '85', 'a'),
(38, 1, '2017-03-25 17:43:38', '85', '心情测试'),
(39, 1, '2017-03-25 19:47:39', '85', ''),
(40, 1, '2017-03-25 19:47:46', '5', ''),
(41, 334, '2017-03-31 22:30:06', '67', ''),
(42, 334, '2017-03-31 22:30:15', '67', ''),
(43, 335, '2017-03-31 23:40:41', '95', ''),
(44, 336, '2017-04-21 15:16:11', '85', ''),
(45, 336, '2017-06-19 15:05:27', '50', ''),
(46, 352, '2017-09-23 21:46:45', '95', ''),
(47, 352, '2017-09-23 21:46:54', '95', ''),
(48, 352, '2017-09-23 21:47:05', '26.3253012048193', ''),
(49, 352, '2017-09-23 21:47:19', '50', 'kjhlkglkjbk'),
(50, 352, '2017-09-23 21:49:05', '50', '今天的心情非常不好'),
(51, 352, '2017-09-23 21:49:34', '50', ''),
(52, 335, '2017-10-24 16:48:55', '5', ''),
(53, 335, '2017-10-30 19:50:21', '50', ''),
(54, 335, '2017-10-30 19:50:39', '56.3253012048193', ''),
(55, 335, '2017-10-30 19:51:03', '60.0120481927711', ''),
(56, 335, '2017-10-30 19:51:14', '45.6626506024096', ''),
(57, 335, '2017-10-30 19:51:24', '63.7349397590361', ''),
(58, 335, '2017-10-30 19:51:30', '70.7228915662651', ''),
(59, 335, '2017-10-30 19:51:43', '100', ''),
(60, 363, '2017-12-01 10:28:35', '95', ''),
(61, 365, '2017-12-08 16:21:34', '15', '');

-- --------------------------------------------------------

--
-- 表的结构 `h_muban`
--

DROP TABLE IF EXISTS `h_muban`;
CREATE TABLE `h_muban` (
  `id` int(11) NOT NULL,
  `name` varchar(50) NOT NULL COMMENT '模板名称',
  `pic1` varchar(150) DEFAULT NULL COMMENT '模板图片',
  `pic2` varchar(150) DEFAULT NULL,
  `pic3` varchar(150) DEFAULT NULL,
  `pic4` varchar(150) DEFAULT NULL,
  `pic5` varchar(150) DEFAULT NULL,
  `text1` text,
  `text2` text,
  `text3` text,
  `text4` text,
  `text5` text,
  `vpic1` varchar(150) DEFAULT NULL,
  `vpic2` varchar(150) DEFAULT NULL,
  `vpic3` varchar(150) DEFAULT NULL,
  `vpic4` varchar(150) DEFAULT NULL,
  `vpic5` varchar(150) DEFAULT NULL,
  `mb_id` int(11) NOT NULL COMMENT '模板id',
  `addtime` varchar(100) NOT NULL
) ENGINE=InnoDB DEFAULT CHARSET=utf8 COMMENT='预览信息';

--
-- 转存表中的数据 `h_muban`
--

INSERT INTO `h_muban` (`id`, `name`, `pic1`, `pic2`, `pic3`, `pic4`, `pic5`, `text1`, `text2`, `text3`, `text4`, `text5`, `vpic1`, `vpic2`, `vpic3`, `vpic4`, `vpic5`, `mb_id`, `addtime`) VALUES
(6, '', 'http://120.27.98.52/helpme/Public/Uploads/2016-10-20/58087ea89bc7e.png', 'http://120.27.98.52/helpme/Public/Uploads/2016-10-20/58087ea89c573.png', 'http://120.27.98.52/helpme/Public/Uploads/2016-10-20/58087ea89df99.png', 'http://120.27.98.52/helpme/Public/Uploads/2016-10-20/58087ea89f50c.png', 'http://120.27.98.52/helpme/Public/Uploads/2016-10-20/58087ea8a0300.png', '店铺上新全黑紫砂套装，精致的造型与优美的弧度设计，加强了紫砂壶的精致和适应度。', '', '茶观四方、壶赏予器                                                                        镂雕花纹，造型古朴自然，养生茶艺之首选', '茶品天下。海纳百川                                                                      为避免茶汤的浓淡不均，先将茶汤倒入茶海中，在分至茶杯品上甘甜的茶', '盖为天、托为地、碗为人                                                                      品饮时，揭开碗盖，先吸其盖香，再闻茶香', 'http://120.27.98.52/helpme/Public/Uploads/', 'http://120.27.98.52/helpme/Public/Uploads/', 'http://120.27.98.52/helpme/Public/Uploads/', 'http://120.27.98.52/helpme/Public/Uploads/', 'http://120.27.98.52/helpme/Public/Uploads/', 11, '1476951720'),
(7, '', 'http://120.27.98.52/helpme/Public/Uploads/2016-10-20/5808a2d721eff.png', 'http://120.27.98.52/helpme/Public/Uploads/2016-10-20/5808a2d7238a5.png', 'http://120.27.98.52/helpme/Public/Uploads/2016-10-20/5808a2d724f19.png', 'http://120.27.98.52/helpme/Public/Uploads/2016-10-20/5808a2d7263a3.png', 'http://120.27.98.52/helpme/Public/Uploads/2016-10-20/5808a2d7270fa.png', '高性价比补水套装，换季必备，寒冬来了也不怕哦。让你的皮肤水嫩嫩的。', '', '天然植萃，保湿水润。每一滴更精纯更密集，植物能量补水五件套。', '海藻精华能量.....注造倾城水润美肌，蕴含蛋白质和维他命C，基友长达27小时的锁水力，解决肌肤缺水难题！', '', NULL, NULL, NULL, NULL, NULL, 2, '1476960983'),
(8, '', 'http://120.27.98.52/helpme/Public/Uploads/2016-10-20/5808a742e8801.png', 'http://120.27.98.52/helpme/Public/Uploads/2016-10-20/5808a742e9a3d.png', 'http://120.27.98.52/helpme/Public/Uploads/2016-10-20/5808a742eb375.png', 'http://120.27.98.52/helpme/Public/Uploads/2016-10-20/5808a742ebf62.png', 'http://120.27.98.52/helpme/Public/Uploads/', '母婴，保健，护肤 万余种商品*品牌官方直供 正品保障*德国上市公司 信誉可靠*免税直邮*支付宝支付                                                             双十一母婴会场婴童狂欢购，大牌好货抢先看！奶粉尿裤、推车寝具、喂养洗护、精选童装、童鞋童靴、玩具早教、时尚孕妈等优惠多多。还等什么，现在就来收藏吧！', '', '', '', '', NULL, NULL, NULL, NULL, NULL, 4, '1476962114'),
(9, '', 'http://120.27.98.52/helpme/Public/Uploads/2016-10-20/5808a840d695b.png', 'http://120.27.98.52/helpme/Public/Uploads/2016-10-20/5808a840d7c6c.png', 'http://120.27.98.52/helpme/Public/Uploads/2016-10-20/5808a840d8b75.png', 'http://120.27.98.52/helpme/Public/Uploads/2016-10-20/5808a840da056.png', 'http://120.27.98.52/helpme/Public/Uploads/2016-10-20/5808a840dc447.png', '', '', '', '', '', NULL, NULL, NULL, NULL, NULL, 6, '1476962368');

-- --------------------------------------------------------

--
-- 表的结构 `h_organization`
--

DROP TABLE IF EXISTS `h_organization`;
CREATE TABLE `h_organization` (
  `id` int(11) NOT NULL,
  `name` varchar(50) NOT NULL COMMENT '组织名称',
  `js_name` varchar(50) NOT NULL COMMENT '角色名',
  `ctime` varchar(50) NOT NULL COMMENT '创建时间',
  `jl_id` varchar(10) NOT NULL COMMENT '普通管理员id'
) ENGINE=InnoDB DEFAULT CHARSET=utf8 COMMENT='组织表';

--
-- 转存表中的数据 `h_organization`
--

INSERT INTO `h_organization` (`id`, `name`, `js_name`, `ctime`, `jl_id`) VALUES
(1, '一年级', '管理员', '', '2'),
(7, '三年级', '高级学员', '', '2'),
(9, '上海市委党校测试组', '高级学员', '', '2'),
(11, 'HRV心理调适设备客户', '初级学员', '', '2'),
(12, '上海测试组', '初级学员', '', '2'),
(13, '健康中心', '管理员', '', '14'),
(14, '9月处级班', '高级学员', '', '12'),
(15, '处级班', '高级学员', '', '23'),
(16, '测试组1', '初级学员', '', '26'),
(18, '科级班12月第一期', '初级学员', '', '23'),
(19, '北京处级班', '初级学员', '', '25'),
(20, '测试测试测试', '初级学员', '', '2'),
(21, '科级干部', '初级学员', '', '27'),
(22, '科级', '初级学员', '', '28');

-- --------------------------------------------------------

--
-- 表的结构 `h_player`
--

DROP TABLE IF EXISTS `h_player`;
CREATE TABLE `h_player` (
  `id` int(11) NOT NULL,
  `name` varchar(30) NOT NULL COMMENT '账户名',
  `tel` varchar(13) NOT NULL COMMENT '电话',
  `state` int(1) NOT NULL COMMENT '1正常2冻结',
  `kind` varchar(21) NOT NULL COMMENT '1管理员2普通用户',
  `department` int(1) NOT NULL COMMENT '1法务2人事行政',
  `namecode` varchar(200) NOT NULL COMMENT '角色代码'
) ENGINE=InnoDB DEFAULT CHARSET=utf8;

--
-- 转存表中的数据 `h_player`
--

INSERT INTO `h_player` (`id`, `name`, `tel`, `state`, `kind`, `department`, `namecode`) VALUES
(1, '', '', 1, '', 1, 'qwe'),
(2, '李四', '343452345', 1, '普通用户', 2, 'er'),
(3, '王五', '12312312', 2, '管理员', 1, 'dfg'),
(4, 'wang', '2342', 1, 'ddd', 0, 'agsdgasgd'),
(5, 'wwww', '1233242', 1, '普通用户', 0, 'select()'),
(6, 'ymj', '293838', 1, '11111111', 0, '心电'),
(7, '11111111111111111', '111111111', 1, '1111111', 0, '心电'),
(8, 'wang', '123', 1, 'ddd', 0, '心电111');

-- --------------------------------------------------------

--
-- 表的结构 `h_radardatas`
--

DROP TABLE IF EXISTS `h_radardatas`;
CREATE TABLE `h_radardatas` (
  `id` int(11) NOT NULL,
  `user_id` int(11) NOT NULL COMMENT '用户id',
  `observe` float NOT NULL DEFAULT '0',
  `rember` float NOT NULL DEFAULT '0',
  `emotion` float NOT NULL DEFAULT '0',
  `willpower` float NOT NULL DEFAULT '0',
  `thinking` float NOT NULL DEFAULT '0',
  `ctime` varchar(50) NOT NULL COMMENT '记录时间'
) ENGINE=InnoDB DEFAULT CHARSET=utf8 COMMENT='雷达数据';

--
-- 转存表中的数据 `h_radardatas`
--

INSERT INTO `h_radardatas` (`id`, `user_id`, `observe`, `rember`, `emotion`, `willpower`, `thinking`, `ctime`) VALUES
(1, 1, 12, 23, 345, 67, 90, '2017-02-25 11:11:44'),
(2, 1, 12, 23, 345, 67, 90, '2017-02-25 11:12:21'),
(3, 1, 12, 23, 345, 67, 90, '2017-02-25 11:12:23'),
(4, 1, 12, 23, 345, 67, 90, '2017-02-25 11:17:21'),
(5, 1, 12, 23, 345, 67, 0, '2017-02-25 11:27:06'),
(6, 1, 12, 23, 345, 67, 90, '2017-02-25 11:27:19'),
(9, 1, 12, 23, 345, 67, 90, '2017-03-03 10:16:18'),
(13, 140, 200, 500, 600, 800, 900, '2017-03-05 00:44:06'),
(20, 1, 0, 0, 0, 0, 0, '2017-03-22 11:50:57'),
(21, 1, 0, 0, 0, 0, 0, '2017-03-22 11:51:03'),
(22, 1, 0, 0, 0, 0, 0, '2017-03-22 11:51:18'),
(23, 1, 0, 0, 0, 0, 0, '2017-03-23 18:04:45'),
(24, 1, 0, 0, 0, 0, 0, '2017-03-23 18:16:40'),
(25, 1, 0, 0, 0, 0, 0, '2017-03-23 22:02:25'),
(26, 1, 0, 0, 0, 0, 0, '2017-03-23 22:12:13'),
(27, 1, 0, 0, 0, 0, 0, '2017-03-23 22:13:27'),
(28, 1, 0, 0, 0, 0, 0, '2017-03-23 22:22:30'),
(29, 1, 0, 0, 0, 0, 0, '2017-03-23 22:30:53'),
(30, 1, 0, 0, 0, 0, 0, '2017-03-23 23:02:15'),
(31, 1, 0, 0, 0, 0, 0, '2017-03-23 23:07:40'),
(32, 1, 0, 0, 0, 0, 0, '2017-03-23 23:14:31'),
(33, 1, 0, 0, 0, 0, 0, '2017-03-23 23:21:22'),
(34, 1, 0, 0, 0, 0, 0, '2017-03-23 23:23:46'),
(35, 1, 0, 0, 0, 0, 0, '2017-03-23 23:29:09'),
(36, 1, 0, 0, 0, 0, 0, '2017-03-23 23:31:16'),
(37, 1, 0, 0, 0, 0, 0, '2017-03-23 23:33:29'),
(38, 1, 0, 0, 0, 0, 0, '2017-03-23 23:33:46'),
(39, 1, 0, 0, 0, 0, 0, '2017-03-23 23:42:59'),
(40, 1, 0, 0, 0, 0, 0, '2017-03-23 23:43:48'),
(41, 1, 0, 0, 0, 0, 0, '2017-03-23 23:43:48'),
(42, 1, 0, 0, 0, 0, 0, '2017-03-23 23:43:50'),
(43, 1, 0, 0, 0, 0, 0, '2017-03-23 23:43:53'),
(44, 1, 0, 0, 0, 0, 0, '2017-03-23 23:47:25'),
(45, 1, 0, 0, 0, 0, 0, '2017-03-23 23:51:32'),
(46, 1, 0, 0, 0, 0, 0, '2017-03-24 09:03:15'),
(47, 1, 0, 0, 0, 0, 0, '2017-03-24 09:37:05'),
(48, 1, 0, 0, 0, 0, 0, '2017-03-24 10:16:54'),
(49, 1, 0, 0, 0, 0, 0, '2017-03-24 10:32:27'),
(50, 1, 0, 0, 0, 0, 0, '2017-03-24 10:51:08'),
(51, 1, 0, 0, 0, 0, 0, '2017-03-24 10:52:08'),
(52, 1, 0, 0, 0, 0, 0, '2017-03-24 10:52:32'),
(53, 1, 0, 0, 0, 0, 0, '2017-03-24 11:07:34'),
(54, 1, 0, 0, 0, 0, 0, '2017-03-24 11:19:46'),
(55, 1, 0, 0, 0, 0, 0, '2017-03-24 11:28:58'),
(56, 1, 0, 0, 0, 0, 0, '2017-03-24 11:34:39'),
(57, 1, 0, 0, 0, 0, 0, '2017-03-24 11:52:52'),
(58, 1, 0, 0, 0, 0, 0, '2017-03-24 12:09:51'),
(59, 1, 0, 0, 0, 0, 0, '2017-03-25 15:54:50'),
(60, 1, 0, 0, 0, 0, 0, '2017-03-25 17:35:15'),
(61, 1, 0, 0, 0, 0, 0, '2017-03-25 17:43:04'),
(62, 1, 0, 0, 0, 0, 0, '2017-03-25 17:47:35'),
(63, 1, 0, 0, 0, 0, 0, '2017-03-25 18:25:43'),
(64, 1, 0, 0, 0, 0, 0, '2017-03-25 19:32:24'),
(65, 1, 0.4, 0, 0, 0.16, 0, '2017-03-25 19:53:03'),
(66, 1, 0, 0, 0, 0, 0, '2017-03-25 20:00:44'),
(67, 1, 0, 0, 0, 0, 0, '2017-03-25 20:04:17'),
(68, 1, 0, 0, 0, 0, 0, '2017-03-25 20:34:25'),
(69, 1, 0, 0, 0, 0, 0, '2017-03-25 20:58:38'),
(70, 1, 0, 0, 0, 0, 0, '2017-03-25 21:07:49'),
(71, 1, 0, 0, 0, 0, 0, '2017-03-25 21:18:33'),
(72, 1, 0, 0, 0, 0, 0, '2017-03-25 22:14:52'),
(73, 1, 0, 0, 0, 0, 0, '2017-03-25 22:44:13'),
(74, 1, 0, 0, 0, 0, 0, '2017-03-25 23:46:59'),
(75, 1, 0, 0, 0, 0, 0, '2017-03-26 21:52:20'),
(76, 1, 0, 0, 0, 0, 0, '2017-03-26 23:45:19'),
(77, 1, 0, 0, 0, 0, 0, '2017-03-27 19:04:54'),
(78, 1, 0, 0, 0, 0, 0, '2017-03-27 19:14:47'),
(79, 1, 0, 0, 0, 0, 0, '2017-03-27 19:25:44'),
(80, 1, 0, 0, 0, 0, 0, '2017-03-27 19:57:57'),
(81, 1, 0, 0, 0, 0, 0, '2017-03-27 20:09:55'),
(82, 1, 0, 0, 0, 0, 0, '2017-03-27 20:23:30'),
(83, 1, 0, 0, 0, 0, 0, '2017-03-27 21:44:24'),
(84, 1, 0, 0, 0, 0, 0, '2017-03-27 22:19:39'),
(85, 1, 0, 0, 0, 0, 0, '2017-03-27 22:46:53'),
(86, 1, 0, 0, 0, 0, 0, '2017-03-27 22:56:15'),
(87, 1, 0, 0, 0, 0, 0, '2017-03-27 23:03:34'),
(88, 1, 5.2, 0, 0, 2.08, 0, '2017-03-27 23:09:09'),
(89, 1, 0, 0, 0, 0, 0, '2017-03-27 23:21:19'),
(90, 1, 2.5, 0, 0, 1, 0, '2017-03-27 23:23:56'),
(91, 1, 0, 0, 0, 0, 0, '2017-03-27 23:25:56'),
(92, 1, 0.8, 0, 0, 0.32, 0, '2017-03-27 23:29:03'),
(93, 1, 0, 0, 0, 0, 0, '2017-03-28 00:23:01'),
(94, 1, 0, 0, 0, 0, 0, '2017-03-28 12:27:24'),
(95, 1, 0, 0, 0, 0, 0, '2017-03-28 12:33:14'),
(96, 1, 0, 0, 0, 0, 0, '2017-03-28 12:39:20'),
(97, 1, 0, 0, 0, 0, 0, '2017-03-28 12:46:53'),
(98, 1, 0, 0, 0, 0, 0, '2017-03-28 12:54:00'),
(99, 1, 0, 0, 0, 0, 0, '2017-03-28 13:04:03'),
(100, 1, 0, 0, 0, 0, 0, '2017-03-29 12:13:59'),
(101, 1, 0, 0, 0, 0, 0, '2017-03-29 12:17:46'),
(102, 1, 0, 0, 0, 0, 0, '2017-03-29 12:35:54'),
(103, 1, 0, 0, 0, 0, 0, '2017-03-29 12:41:03'),
(104, 1, 0, 0, 0, 0, 0, '2017-03-29 13:32:37'),
(105, 1, 0, 0, 0, 0, 0, '2017-03-29 16:59:37'),
(106, 1, 0, 0, 0, 0, 0, '2017-03-29 21:38:22'),
(107, 1, 0, 0, 0, 0, 0, '2017-03-30 03:02:59'),
(108, 1, 0, 0, 0, 0, 0, '2017-03-30 03:12:05'),
(109, 1, 0, 0, 0, 0, 0, '2017-03-30 16:42:14'),
(110, 1, 0, 0, 0, 0, 0, '2017-03-31 23:18:42'),
(111, 335, 0, 0, 0, 0, 0, '2017-03-31 23:33:55'),
(112, 1, 0, 0, 0, 0, 0, '2017-04-05 17:44:20'),
(113, 1, 0, 0, 0, 0, 0, '2017-04-09 21:58:23'),
(114, 1, 0, 0, 0, 0, 0, '2017-04-09 22:03:05'),
(115, 1, 0, 0, 0, 0, 0, '2017-04-09 22:09:06'),
(116, 1, 0, 0, 0, 0, 0, '2017-04-09 23:34:21'),
(117, 1, 0, 0, 0, 0, 0, '2017-04-10 09:48:02'),
(118, 1, 0, 0, 0, 0, 0, '2017-04-10 09:54:15'),
(119, 1, 0, 0, 0, 0, 0, '2017-04-10 09:58:03'),
(120, 1, 0, 0, 0, 0, 0, '2017-04-10 10:20:31'),
(121, 1, 0, 0, 0, 0, 0, '2017-04-10 10:30:59'),
(122, 1, 0, 0, 0, 0, 0, '2017-04-10 10:39:50'),
(123, 1, 0, 0, 0, 0, 0, '2017-04-10 10:47:21'),
(124, 1, 0, 0, 0, 0, 0, '2017-04-11 20:10:35'),
(125, 1, 0, 0, 0, 0, 0, '2017-04-11 20:14:27'),
(126, 1, 0, 0, 0, 0, 0, '2017-04-11 20:18:53'),
(127, 1, 0, 0, 0, 0, 0, '2017-04-11 20:29:36'),
(128, 1, 0, 0, 0, 0, 0, '2017-04-11 20:35:29'),
(129, 1, 0, 0, 0, 0, 0, '2017-04-11 20:43:04'),
(130, 1, 0, 0, 0, 0, 0, '2017-04-14 14:44:55'),
(131, 1, 0, 0, 0, 0, 0, '2017-04-14 15:05:23'),
(132, 1, 0, 0, 0, 0, 0, '2017-04-14 16:03:35'),
(133, 1, 0, 0, 0, 0, 0, '2017-04-14 16:12:12'),
(134, 1, 0, 0, 0, 0, 0, '2017-04-14 16:29:36'),
(135, 1, 4.6, 0, 0, 1.84, 0, '2017-04-14 16:40:59'),
(136, 1, 0, 0, 0, 0, 0, '2017-04-15 13:51:55'),
(137, 1, 0, 0, 0, 0, 0, '2017-04-15 14:17:50'),
(138, 1, 0, 0, 0, 0, 0, '2017-04-15 14:36:42'),
(139, 1, 0, 0, 0, 0, 0, '2017-04-16 14:18:34'),
(140, 1, 0, 0, 0, 0, 0, '2017-04-17 09:36:48'),
(141, 1, 0, 0, 0, 0, 0, '2017-04-17 09:44:19'),
(142, 1, 0, 0, 0, 0, 0, '2017-04-19 13:05:40'),
(143, 1, 0, 0, 0, 0, 0, '2017-04-19 13:09:56'),
(144, 1, 0, 0, 0, 0, 0, '2017-04-20 18:49:25'),
(145, 1, 0, 0, 0, 0, 0, '2017-04-20 19:45:34'),
(146, 1, 0, 0, 0, 0, 0, '2017-04-20 20:31:16'),
(147, 1, 0, 0, 0, 0, 0, '2017-04-20 20:39:22'),
(148, 1, 0, 0, 0, 0, 0, '2017-04-20 20:55:08'),
(149, 1, 0, 0, 0, 0, 0, '2017-04-20 21:23:40'),
(150, 1, 0, 0, 0, 0, 0, '2017-04-20 22:12:12'),
(151, 1, 0, 0, 0, 0, 0, '2017-04-20 22:18:27'),
(152, 1, 0, 0, 0, 0, 0, '2017-04-20 22:27:49'),
(153, 1, 0, 0, 0, 0, 0, '2017-04-20 22:34:36'),
(154, 1, 0, 0, 0, 0, 0, '2017-04-20 22:37:02'),
(155, 1, 0, 0, 0, 0, 0, '2017-04-20 22:39:55'),
(156, 1, 0, 0, 0, 0, 0, '2017-04-20 22:46:49'),
(157, 1, 0, 0, 0, 0, 0, '2017-04-20 22:53:15'),
(158, 1, 0, 0, 0, 0, 0, '2017-04-20 23:29:25'),
(159, 1, 0, 0, 0, 0, 0, '2017-04-20 23:32:51'),
(160, 1, 0, 0, 0, 0, 0, '2017-04-20 23:35:50'),
(161, 1, 0, 0, 0, 0, 0, '2017-04-20 23:39:14'),
(162, 1, 0, 0, 0, 0, 0, '2017-04-20 23:45:43'),
(163, 1, 0, 0, 0, 0, 0, '2017-04-20 23:48:37'),
(164, 1, 0, 0, 0, 0, 0, '2017-04-20 23:57:33'),
(165, 1, 0, 0, 0, 0, 0, '2017-04-21 08:50:49'),
(166, 1, 0, 0, 0, 0, 0, '2017-04-21 09:12:46'),
(167, 1, 0, 0, 0, 0, 0, '2017-04-21 09:17:47'),
(168, 1, 0, 0, 0, 0, 0, '2017-04-21 09:22:59'),
(169, 1, 0, 0, 0, 0, 0, '2017-04-21 09:28:30'),
(170, 1, 0, 0, 0, 0, 0, '2017-04-21 09:32:34'),
(171, 336, 0, 0, 0, 0, 0, '2017-04-21 17:33:18'),
(172, 336, 0, 0, 0, 0, 0, '2017-04-24 10:05:14'),
(173, 336, 3.6, 0, 0, 1.8, 3.6, '2017-04-24 10:08:59'),
(174, 336, 1.2, 0, 0, 0.6, 1.2, '2017-04-24 10:10:56'),
(175, 336, 0, 0, 0, 0, 0, '2017-04-24 16:36:12'),
(176, 336, 0, 0, 0, 0, 0, '2017-04-26 11:57:45'),
(177, 336, 0, 0, 0, 0, 0, '2017-04-27 10:54:35'),
(178, 336, 0, 0, 0, 0, 0, '2017-04-27 11:03:28'),
(179, 336, 0, 0, 0, 0, 0, '2017-05-02 11:20:44'),
(180, 336, 0, 0, 0, 0, 0, '2017-05-03 10:10:47'),
(181, 336, 0, 0, 0, 0, 0, '2017-05-03 10:23:28'),
(182, 336, 0, 0, 0, 0, 0, '2017-05-03 10:47:01'),
(183, 336, 0, 0, 0, 0, 0, '2017-05-03 11:14:02'),
(184, 336, 0, 0, 0, 0, 0, '2017-05-03 11:23:52'),
(185, 336, 0, 0, 0, 0, 0, '2017-05-03 11:32:14'),
(186, 336, 0, 0, 0, 0, 0, '2017-05-03 11:36:44'),
(187, 336, 0, 0, 0, 0, 0, '2017-05-04 10:06:56'),
(188, 336, 0, 0, 0, 0, 0, '2017-05-04 10:13:20'),
(189, 336, 0, 0, 0, 0, 0, '2017-05-04 10:20:57'),
(190, 336, 0, 0, 0, 0, 0, '2017-05-04 10:30:09'),
(191, 336, 0, 0, 0, 0, 0, '2017-05-04 10:38:44'),
(192, 336, 0, 0, 0, 0, 0, '2017-05-04 10:45:17'),
(193, 336, 3.5, 2.1, 0, 1.4, 0, '2017-05-04 10:47:27'),
(194, 336, 1.576, 2.62667, 0, 1.576, 0, '2017-05-04 10:52:18'),
(195, 336, 1.92, 3.2, 0, 1.92, 0, '2017-05-04 10:57:51'),
(196, 336, 2, 0, 0, 1, 2, '2017-05-04 11:00:14'),
(197, 336, 0, 0, 0, 0, 0, '2017-05-04 11:08:14'),
(198, 336, 0, 0, 0, 0, 0, '2017-05-04 11:15:29'),
(199, 336, 0, 0, 0, 0, 0, '2017-05-04 11:21:13'),
(200, 336, 0.88, 1.46667, 0, 0.88, 0, '2017-05-04 11:28:06'),
(201, 336, 1.5, 0, 0, 0.6, 0, '2017-05-04 11:33:48'),
(202, 336, 0, 0, 0, 0, 0, '2017-05-05 14:41:58'),
(203, 336, 0, 0, 0, 0, 0, '2017-05-09 09:23:46'),
(204, 336, 0, 0, 0, 0, 0, '2017-05-09 10:42:13'),
(205, 336, 0, 0, 0, 0, 0, '2017-05-10 10:31:34'),
(206, 336, 0, 0, 0, 0, 0, '2017-05-10 10:49:14'),
(207, 336, 0, 0, 0, 0, 0, '2017-05-10 10:55:36'),
(208, 336, 0, 0, 0, 0, 0, '2017-05-10 11:01:26'),
(209, 335, 0, 0, 0, 0, 0, '2017-05-10 11:27:23'),
(210, 335, 0, 0, 0, 0, 0, '2017-05-10 11:31:28'),
(211, 335, 0, 0, 0, 0, 0, '2017-05-10 11:34:08'),
(212, 335, 0, 0, 0, 0, 0, '2017-05-10 11:41:13'),
(213, 335, 0, 0, 0, 0, 0, '2017-05-10 11:49:38'),
(214, 335, 0, 0, 0, 0, 0, '2017-05-10 11:52:49'),
(215, 335, 0, 0, 0, 0, 0, '2017-05-10 12:19:05'),
(216, 335, 0, 0, 0, 0, 0, '2017-05-10 12:24:30'),
(217, 336, 0, 0, 0, 0, 0, '2017-05-10 16:35:20'),
(218, 336, 0, 0, 0, 0, 0, '2017-05-10 17:46:20'),
(219, 336, 0, 0, 0, 0, 0, '2017-05-10 17:49:15'),
(220, 335, 0, 0, 0, 0, 0, '2017-05-10 20:42:07'),
(221, 335, 0, 0, 0, 0, 0, '2017-05-10 20:46:42'),
(222, 335, 0, 0, 0, 0, 0, '2017-05-10 20:57:20'),
(223, 335, 0, 0, 0, 0, 0, '2017-05-12 22:48:56'),
(224, 335, 0, 0, 0, 0, 0, '2017-05-12 22:51:54'),
(225, 335, 0, 0, 0, 0, 0, '2017-05-12 22:57:43'),
(226, 335, 0, 0, 0, 0, 0, '2017-05-12 23:04:44'),
(227, 335, 0, 0, 0, 0, 0, '2017-05-12 23:50:10'),
(228, 335, 0, 0, 0, 0, 0, '2017-05-13 13:21:10'),
(229, 336, 0, 0, 0, 0, 0, '2017-05-13 14:29:43'),
(230, 336, 0, 0, 0, 0, 0, '2017-05-13 15:09:04'),
(231, 336, 0, 0, 0, 0, 0, '2017-05-14 11:16:02'),
(232, 336, 0, 0, 0, 0, 0, '2017-05-14 11:20:53'),
(233, 336, 0, 0, 0, 0, 0, '2017-05-14 11:26:38'),
(234, 336, 0, 0, 0, 0, 0, '2017-05-14 11:29:35'),
(235, 336, 0, 0, 0, 0, 0, '2017-05-14 11:34:41'),
(236, 336, 0, 0, 0, 0, 0, '2017-05-14 15:08:35'),
(237, 336, 0, 0, 0, 0, 0, '2017-05-14 15:13:09'),
(238, 336, 0, 0, 0, 0, 0, '2017-05-14 15:26:38'),
(239, 336, 0, 0, 0, 0, 0, '2017-05-14 15:31:49'),
(240, 336, 0, 0, 0, 0, 0, '2017-05-14 15:36:58'),
(241, 336, 8, 0, 0, 3.2, 0, '2017-05-14 15:43:25'),
(242, 336, 20, 0, 0, 8, 0, '2017-05-14 15:45:30'),
(243, 336, 2.752, 4.58667, 0, 2.752, 0, '2017-05-14 15:50:08'),
(244, 336, 9.141, 15.235, 0, 9.141, 0, '2017-05-14 15:53:53'),
(245, 335, 0, 0, 0, 0, 0, '2017-05-14 16:15:28'),
(246, 335, 0, 0, 0, 0, 0, '2017-05-14 16:20:26'),
(247, 335, 0, 0, 0, 0, 0, '2017-05-14 16:29:35'),
(248, 335, 5.2, 3.12, 0, 2.08, 0, '2017-05-14 16:31:38'),
(249, 335, 0, 0, 0, 0, 0, '2017-05-14 20:27:34'),
(250, 335, 0, 0, 0, 0, 0, '2017-05-14 20:33:23'),
(251, 335, 0, 0, 0, 0, 0, '2017-05-14 20:38:02'),
(252, 336, 0, 0, 0, 0, 0, '2017-05-15 10:19:27'),
(253, 336, 0.48, 0.8, 0, 0.48, 0, '2017-05-15 11:42:29'),
(254, 336, 0, 0, 0, 0, 0, '2017-05-15 14:26:37'),
(255, 336, 0, 0, 0, 0, 0, '2017-05-15 14:38:47'),
(256, 336, 0, 0, 0, 0, 0, '2017-05-15 14:55:01'),
(257, 336, 0, 0, 0, 0, 0, '2017-05-15 15:02:44'),
(258, 336, 0, 0, 0, 0, 0, '2017-05-15 15:13:09'),
(259, 336, 0, 0, 0, 0, 0, '2017-05-15 15:19:11'),
(260, 336, 0, 0, 0, 0, 0, '2017-05-15 15:22:39'),
(261, 336, 0, 0, 0, 0, 0, '2017-05-15 15:31:46'),
(262, 336, 0, 0, 0, 0, 0, '2017-05-15 15:36:07'),
(263, 335, 0, 0, 0, 0, 0, '2017-05-16 13:33:36'),
(264, 335, 0, 0, 0, 0, 0, '2017-05-16 13:40:18'),
(265, 336, 0, 0, 0, 0, 0, '2017-05-16 13:46:23'),
(266, 336, 0, 0, 0, 0, 0, '2017-05-16 13:50:23'),
(267, 336, 0, 0, 0, 0, 0, '2017-05-16 13:53:52'),
(268, 336, 0, 0, 0, 0, 0, '2017-05-16 14:00:09'),
(269, 336, 0, 0, 0, 0, 0, '2017-05-16 14:06:06'),
(270, 336, 0, 0, 0, 0, 0, '2017-05-16 14:08:51'),
(271, 336, 0, 0, 0, 0, 0, '2017-05-16 14:11:19'),
(272, 336, 0, 0, 0, 0, 0, '2017-05-16 14:14:28'),
(273, 336, 0, 0, 0, 0, 0, '2017-05-16 14:20:06'),
(274, 336, 0, 0, 0, 0, 0, '2017-05-16 14:24:24'),
(275, 336, 0, 0, 0, 0, 0, '2017-05-16 14:30:02'),
(276, 336, 0, 0, 0, 0, 0, '2017-05-16 14:32:22'),
(277, 336, 0, 0, 0, 0, 0, '2017-05-16 14:38:20'),
(278, 336, 0, 0, 0, 0, 0, '2017-05-16 14:44:21'),
(279, 336, 0, 0, 0, 0, 0, '2017-05-16 14:48:03'),
(280, 336, 0, 0, 0, 0, 0, '2017-05-20 15:41:38'),
(281, 336, 0, 0, 0, 0, 0, '2017-05-21 15:53:27'),
(282, 336, 0, 0, 0, 0, 0, '2017-05-21 16:03:36'),
(283, 336, 8.4, 0, 0, 3.36, 0, '2017-05-21 16:05:44'),
(284, 336, 31.25, 0, 0, 12.5, 0, '2017-05-21 16:07:53'),
(285, 336, 0, 0, 0, 0, 0, '2017-05-21 16:21:43'),
(286, 336, 0, 0, 0, 0, 0, '2017-05-21 16:27:57'),
(287, 336, 0, 0, 0, 0, 0, '2017-05-23 09:53:36'),
(288, 336, 0, 0, 0, 0, 0, '2017-05-23 09:56:40'),
(289, 336, 0, 0, 0, 0, 0, '2017-05-23 10:01:51'),
(290, 336, 0, 0, 0, 0, 0, '2017-05-23 10:09:21'),
(291, 336, 0, 0, 0, 0, 0, '2017-05-25 17:53:38'),
(292, 336, 0, 0, 0, 0, 0, '2017-05-25 17:56:01'),
(293, 336, 6, 0, 0, 2.4, 0, '2017-05-26 17:37:19'),
(294, 336, 0.8, 0, 0, 0.4, 0.8, '2017-05-26 17:57:47'),
(295, 335, 0, 0, 0, 0, 0, '2017-06-05 14:27:22'),
(296, 335, 0, 0, 0, 0, 0, '2017-06-05 14:31:28'),
(297, 335, 0, 0, 0, 0, 0, '2017-06-05 14:33:02'),
(298, 335, 0, 0, 0, 0, 0, '2017-06-06 11:16:30'),
(299, 335, 0, 0, 0, 0, 0, '2017-06-06 11:20:34'),
(300, 335, 0, 0, 0, 0, 0, '2017-06-06 11:22:00'),
(301, 335, 0, 0, 0, 0, 0, '2017-06-06 11:25:50'),
(302, 335, 0, 0, 0, 0, 0, '2017-06-06 15:03:50'),
(303, 335, 0, 0, 0, 0, 0, '2017-06-06 15:09:50'),
(304, 335, 0, 0, 0, 0, 0, '2017-06-06 15:15:42'),
(305, 335, 0, 0, 0, 0, 0, '2017-06-06 20:59:06'),
(306, 336, 0, 0, 0, 0, 0, '2017-06-19 14:08:09'),
(307, 336, 0, 0, 0, 0, 0, '2017-06-19 15:23:25'),
(308, 336, 0, 0, 0, 0, 0, '2017-06-19 17:38:11'),
(309, 336, 0, 0, 0, 0, 0, '2017-06-19 17:41:02'),
(310, 336, 8, 0, 0, 3.2, 0, '2017-06-19 17:55:14'),
(311, 336, 0, 0, 0, 0, 0, '2017-06-19 18:22:36'),
(312, 336, 0, 0, 0, 0, 0, '2017-06-19 18:38:58'),
(313, 336, 3.6, 0, 0, 1.8, 3.6, '2017-06-19 18:42:29'),
(314, 336, 0, 0, 0, 0, 0, '2017-06-19 18:42:55'),
(315, 336, 0, 0, 0, 0, 0, '2017-06-20 13:00:40'),
(316, 336, 0, 0, 0, 0, 0, '2017-06-28 14:14:55'),
(317, 336, 0, 0, 0, 0, 0, '2017-06-28 14:21:00'),
(318, 1, 0, 0, 0, 0, 0, '2017-07-26 10:26:36'),
(319, 336, 0, 0, 0, 0, 0, '2017-07-27 09:10:57'),
(320, 336, 0, 0, 0, 0, 0, '2017-07-27 15:15:31'),
(321, 336, 0, 0, 0, 0, 0, '2017-07-27 15:20:07'),
(322, 1, 0, 0, 0, 0, 0, '2017-07-28 11:40:24'),
(323, 1, 0, 0, 0, 0, 0, '2017-07-28 11:41:03'),
(324, 1, 0, 0, 0, 0, 0, '2017-08-18 22:14:52'),
(325, 1, 0, 0, 0, 0, 0, '2017-08-18 22:25:05'),
(326, 1, 0, 0, 0, 0, 0, '2017-08-18 22:30:07'),
(327, 1, 0, 0, 0, 0, 0, '2017-08-18 22:40:25'),
(328, 1, 0, 0, 0, 0, 0, '2017-08-18 22:43:19'),
(329, 1, 0, 0, 0, 0, 0, '2017-08-19 16:02:09'),
(330, 1, 0, 0, 0, 0, 0, '2017-08-19 16:06:37'),
(331, 0, 0, 0, 0, 0, 0, '2017-08-19 16:08:59'),
(332, 0, 0, 0, 0, 0, 0, '2017-08-19 16:12:32'),
(333, 0, 0, 0, 0, 0, 0, '2017-08-19 16:12:32'),
(334, 1, 0, 0, 0, 0, 0, '2017-08-19 16:14:54'),
(335, 1, 0, 0, 0, 0, 0, '2017-08-19 16:18:10'),
(336, 1, 0, 0, 0, 0, 0, '2017-08-19 16:32:04'),
(337, 1, 0, 0, 0, 0, 0, '2017-09-02 10:34:24'),
(338, 1, 0, 0, 0, 0, 0, '2017-09-02 10:40:10'),
(339, 1, 0, 0, 0, 0, 0, '2017-09-02 11:02:36'),
(340, 1, 0, 0, 0, 0, 0, '2017-09-02 11:07:58'),
(341, 1, 0, 0, 0, 0, 0, '2017-09-02 11:15:18'),
(342, 1, 0, 0, 0, 0, 0, '2017-09-02 11:20:31'),
(343, 1, 0, 0, 0, 0, 0, '2017-09-02 11:24:58'),
(344, 1, 0, 0, 0, 0, 0, '2017-09-02 13:27:49'),
(345, 335, 0, 0, 0, 0, 0, '2017-09-10 14:42:59'),
(346, 335, 0, 0, 0, 0, 0, '2017-09-12 01:48:34'),
(347, 335, 0, 0, 0, 0, 0, '2017-09-12 01:52:48'),
(348, 335, 0, 0, 0, 0, 0, '2017-09-12 02:01:12'),
(349, 335, 0, 0, 0, 0, 0, '2017-09-12 02:06:06'),
(350, 352, 0, 0, 0, 0, 0, '2017-09-12 15:28:06'),
(351, 353, 0, 0, 0, 0, 0, '2017-09-14 16:45:52'),
(352, 335, 0, 0, 0, 0, 0, '2017-09-16 23:22:38'),
(353, 335, 0, 0, 0, 0, 0, '2017-09-16 23:37:44'),
(354, 335, 0, 0, 0, 0, 0, '2017-09-16 23:40:27'),
(355, 335, 0, 0, 0, 0, 0, '2017-09-16 23:43:22'),
(356, 335, 0, 0, 0, 0, 0, '2017-09-16 23:45:31'),
(357, 335, 0, 0, 0, 0, 0, '2017-09-16 23:53:17'),
(358, 335, 0, 0, 0, 0, 0, '2017-09-16 23:56:07'),
(359, 335, 0, 0, 0, 0, 0, '2017-09-16 23:57:33'),
(360, 335, 0, 0, 0, 0, 0, '2017-09-17 00:00:23'),
(361, 335, 0, 0, 0, 0, 0, '2017-09-17 10:56:43'),
(362, 335, 0, 0, 0, 0, 0, '2017-09-17 11:17:57'),
(363, 335, 0, 0, 0, 0, 0, '2017-09-17 11:21:47'),
(364, 335, 0, 0, 0, 0, 0, '2017-09-17 11:24:34'),
(365, 335, 0, 0, 0, 0, 0, '2017-09-17 11:33:04'),
(366, 335, 0, 0, 0, 0, 0, '2017-09-17 11:56:48'),
(367, 335, 0, 0, 0, 0, 0, '2017-09-17 11:59:43'),
(368, 335, 0, 0, 0, 0, 0, '2017-09-17 15:37:14'),
(369, 335, 5, 0, 0, 2, 0, '2017-09-17 17:29:09'),
(370, 335, 10, 0, 0, 4, 0, '2017-09-17 17:30:59'),
(371, 335, 8, 0, 0, 3.2, 0, '2017-09-18 22:14:49'),
(372, 335, 0, 0, 0, 0, 0, '2017-09-18 22:17:53'),
(373, 335, 0, 0, 0, 0, 0, '2017-09-18 22:26:17'),
(374, 361, 0, 0, 0, 0, 0, '2017-09-22 19:31:48'),
(375, 361, 0, 0, 0, 0, 0, '2017-09-22 19:41:18'),
(376, 335, 0, 0, 0, 0, 0, '2017-09-24 16:49:58'),
(377, 335, 0, 0, 0, 0, 0, '2017-09-24 16:52:04'),
(378, 335, 0, 0, 0, 0, 0, '2017-09-24 17:19:09'),
(379, 335, 0, 0, 0, 0, 0, '2017-09-24 17:25:48'),
(380, 335, 0, 0, 0, 0, 0, '2017-09-24 17:28:19'),
(381, 335, 0, 0, 0, 0, 0, '2017-09-24 17:56:00'),
(382, 335, 0, 0, 0, 0, 0, '2017-09-24 17:58:22'),
(383, 335, 0, 0, 0, 0, 0, '2017-09-24 18:39:06'),
(384, 335, 0, 0, 0, 0, 0, '2017-09-24 18:51:08'),
(385, 335, 0, 0, 0, 0, 0, '2017-09-24 18:58:36'),
(386, 335, 0, 0, 0, 0, 0, '2017-09-24 22:10:54'),
(387, 335, 0, 0, 0, 0, 0, '2017-09-24 22:20:06'),
(388, 335, 0, 0, 0, 0, 0, '2017-09-24 22:38:45'),
(389, 335, 0, 0, 0, 0, 0, '2017-10-11 00:26:26'),
(390, 335, 0, 0, 0, 0, 0, '2017-10-11 00:30:27'),
(391, 335, 0, 0, 0, 0, 0, '2017-10-11 00:35:08'),
(392, 335, 0, 0, 0, 0, 0, '2017-10-11 00:43:04'),
(393, 335, 0, 0, 0, 0, 0, '2017-10-11 01:01:43'),
(394, 335, 0, 0, 0, 0, 0, '2017-10-14 13:32:35'),
(395, 335, 0, 0, 0, 0, 0, '2017-10-14 13:34:18'),
(396, 335, 0, 0, 0, 0, 0, '2017-10-14 13:37:40'),
(397, 335, 0, 0, 0, 0, 0, '2017-10-14 14:34:11'),
(398, 335, 0, 0, 0, 0, 0, '2017-10-14 14:37:00'),
(399, 335, 0, 0, 0, 0, 0, '2017-10-14 14:53:32'),
(400, 335, 0, 0, 0, 0, 0, '2017-10-14 14:57:41'),
(401, 335, 0, 0, 0, 0, 0, '2017-10-14 15:03:17'),
(402, 335, 0, 0, 0, 0, 0, '2017-10-14 22:38:59'),
(403, 335, 0, 0, 0, 0, 0, '2017-10-14 22:43:37'),
(404, 335, 0, 0, 0, 0, 0, '2017-10-14 22:50:57'),
(405, 335, 0, 0, 0, 0, 0, '2017-10-14 22:53:26'),
(406, 335, 0, 0, 0, 0, 0, '2017-10-23 16:05:17'),
(407, 335, 0, 0, 0, 0, 0, '2017-10-23 16:08:02'),
(408, 335, 0, 0, 0, 0, 0, '2017-10-23 16:11:40'),
(409, 335, 0, 0, 0, 0, 0, '2017-10-23 16:22:06'),
(410, 335, 0, 0, 0, 0, 0, '2017-10-23 16:29:08'),
(411, 335, 0, 0, 0, 0, 0, '2017-10-23 16:46:06'),
(412, 335, 0, 0, 0, 0, 0, '2017-10-24 16:32:13'),
(413, 335, 0, 0, 0, 0, 0, '2017-10-24 16:36:00'),
(414, 335, 0, 0, 0, 0, 0, '2017-10-24 16:55:55'),
(415, 335, 0, 0, 0, 0, 0, '2017-10-24 16:59:31'),
(416, 335, 0, 0, 0, 0, 0, '2017-10-24 17:09:25'),
(417, 335, 0, 0, 0, 0, 0, '2017-10-24 17:12:12'),
(418, 335, 0, 0, 0, 0, 0, '2017-10-24 17:33:57'),
(419, 335, 0, 0, 0, 0, 0, '2017-10-26 12:25:53'),
(420, 335, 0, 0, 0, 0, 0, '2017-10-26 23:28:13'),
(421, 335, 0, 0, 0, 0, 0, '2017-10-26 23:32:11'),
(422, 335, 0, 0, 0, 0, 0, '2017-10-26 23:34:16'),
(423, 335, 0, 0, 0, 0, 0, '2017-10-26 23:36:26'),
(424, 335, 0, 0, 0, 0, 0, '2017-10-30 19:24:08'),
(425, 335, 0, 0, 0, 0, 0, '2017-11-08 10:24:14'),
(426, 335, 0, 0, 0, 0, 0, '2017-11-08 10:33:39'),
(427, 363, 0, 0, 0, 0, 0, '2017-12-01 10:31:00'),
(428, 335, 0, 0, 0, 0, 0, '2017-12-07 00:45:29'),
(429, 335, 0, 0, 0, 0, 0, '2017-12-07 11:03:44'),
(430, 335, 0, 0, 0, 0, 0, '2017-12-07 11:16:10');

-- --------------------------------------------------------

--
-- 表的结构 `h_record`
--

DROP TABLE IF EXISTS `h_record`;
CREATE TABLE `h_record` (
  `id` int(11) NOT NULL,
  `user_id` int(11) NOT NULL COMMENT '用户id',
  `rkind` varchar(100) NOT NULL COMMENT '训练类型',
  `s_time` varchar(32) NOT NULL COMMENT '开始时间',
  `time_length` int(11) NOT NULL DEFAULT '0' COMMENT '监测时间',
  `synthesisscore` int(11) NOT NULL DEFAULT '0' COMMENT '综合得分',
  `deflatingindex` int(11) DEFAULT '0' COMMENT '调节指数',
  `stabilityindex` int(11) NOT NULL DEFAULT '0' COMMENT '稳定指数',
  `pressureindex` int(11) NOT NULL DEFAULT '0' COMMENT '压力指数',
  `HRVscore` int(11) NOT NULL DEFAULT '0' COMMENT 'hrv得分',
  `evaluation` varchar(1000) NOT NULL COMMENT '评价',
  `HRVmark` varchar(1000) NOT NULL COMMENT '事件备注',
  `epdata` text NOT NULL,
  `hrvdata` text NOT NULL,
  `IBIdata` text NOT NULL COMMENT '频谱',
  `pulsedata` text NOT NULL COMMENT '脉搏',
  `rtime` varchar(50) NOT NULL COMMENT '记录时间',
  `type` int(11) NOT NULL COMMENT '1 监测记录  2 训练记录  3 放松记录',
  `NB` float NOT NULL COMMENT '偏转神经兴奋性的指针',
  `fMean` float NOT NULL COMMENT '平均心率',
  `fStdDev` float NOT NULL COMMENT '即时心率的标准差',
  `fSDNN` float NOT NULL COMMENT 'SDNN心跳间隔的标准差',
  `fRMSSD` float NOT NULL COMMENT '极低频分量float类型¨',
  `fSD` float NOT NULL COMMENT '低频分量float类型',
  `fSDSD` float NOT NULL COMMENT '高频分量',
  `fPNN` float NOT NULL COMMENT '低频高频比',
  `tp` float NOT NULL COMMENT '极低频¦',
  `vlf` float NOT NULL COMMENT '极低频¦',
  `lf` float NOT NULL COMMENT '低频',
  `hf` float NOT NULL COMMENT '高频',
  `lhr` float NOT NULL COMMENT '高低频比',
  `lfnorm` float NOT NULL COMMENT '归一化低频分量',
  `hfnorm` float NOT NULL COMMENT '归一化高频分量',
  `left` float DEFAULT NULL COMMENT '频谱左侧部分',
  `right` float NOT NULL COMMENT '频谱右侧部分',
  `lrr` float NOT NULL COMMENT '频谱左右比例',
  `trid` int(11) NOT NULL,
  `tid` int(11) NOT NULL,
  `gate` varchar(1000) NOT NULL,
  `diff` int(11) NOT NULL,
  `FreData` varchar(1000) NOT NULL,
  `Level` int(11) NOT NULL,
  `TimeLength` double DEFAULT NULL,
  `RecordType` int(11) NOT NULL,
  `Report` varchar(1000) NOT NULL,
  `HeartVitalityUpper` text NOT NULL,
  `HeartVitalityDowner` text NOT NULL,
  `TimeType` varchar(200) NOT NULL COMMENT 'HRV检测时间类型',
  `EndTime` varchar(200) NOT NULL COMMENT '结束时间',
  `Mood` text NOT NULL COMMENT '工作心理',
  `observe` text,
  `rember` text,
  `emotion` text,
  `willpower` text,
  `thinking` text
) ENGINE=InnoDB DEFAULT CHARSET=utf8;

-- --------------------------------------------------------

--
-- 表的结构 `h_replies`
--

DROP TABLE IF EXISTS `h_replies`;
CREATE TABLE `h_replies` (
  `id` int(11) NOT NULL,
  `repliesid` int(11) NOT NULL COMMENT '回复消息id  ',
  `uid` int(11) NOT NULL COMMENT '留言者id  ',
  `msgid` int(11) NOT NULL COMMENT '被留言者id  ',
  `content` varchar(30) NOT NULL COMMENT '内容',
  `postdate` varchar(15) NOT NULL COMMENT '留言时间'
) ENGINE=InnoDB DEFAULT CHARSET=utf8;

-- --------------------------------------------------------

--
-- 表的结构 `h_settings`
--

DROP TABLE IF EXISTS `h_settings`;
CREATE TABLE `h_settings` (
  `id` int(11) NOT NULL,
  `title` varchar(50) NOT NULL COMMENT '注册',
  `is_registe` int(11) NOT NULL DEFAULT '2' COMMENT '1 可以  2 不可以'
) ENGINE=InnoDB DEFAULT CHARSET=utf8 COMMENT='可否注册';

--
-- 转存表中的数据 `h_settings`
--

INSERT INTO `h_settings` (`id`, `title`, `is_registe`) VALUES
(1, '注册', 2);

-- --------------------------------------------------------

--
-- 表的结构 `h_shoptype`
--

DROP TABLE IF EXISTS `h_shoptype`;
CREATE TABLE `h_shoptype` (
  `shoptype_id` int(11) NOT NULL,
  `fid` int(11) NOT NULL COMMENT '父id',
  `name` varchar(50) NOT NULL COMMENT '名称'
) ENGINE=InnoDB DEFAULT CHARSET=utf8 COMMENT='商品类型';

--
-- 转存表中的数据 `h_shoptype`
--

INSERT INTO `h_shoptype` (`shoptype_id`, `fid`, `name`) VALUES
(1, 0, '房屋出租'),
(2, 0, '旅游'),
(3, 0, '酒店'),
(4, 0, '服装'),
(5, 0, '休闲娱乐'),
(6, 0, '生活服务');

-- --------------------------------------------------------

--
-- 表的结构 `h_site`
--

DROP TABLE IF EXISTS `h_site`;
CREATE TABLE `h_site` (
  `id` int(11) NOT NULL,
  `title` varchar(200) NOT NULL,
  `keywords` text NOT NULL,
  `description` text NOT NULL,
  `logo` varchar(200) NOT NULL,
  `articleSatus` int(11) NOT NULL COMMENT '0 无需审核 1 需要审核',
  `userStatus` int(11) NOT NULL COMMENT '0无需注册码 1需要注册码',
  `admin_email` varchar(100) NOT NULL,
  `set_content` varchar(50) NOT NULL,
  `name` varchar(50) NOT NULL,
  `statistics` text NOT NULL COMMENT '网站统计代码',
  `code` text NOT NULL COMMENT '邀请码说明',
  `friend_link` text NOT NULL COMMENT '友情链接说明'
) ENGINE=InnoDB DEFAULT CHARSET=utf8;

--
-- 转存表中的数据 `h_site`
--

INSERT INTO `h_site` (`id`, `title`, `keywords`, `description`, `logo`, `articleSatus`, `userStatus`, `admin_email`, `set_content`, `name`, `statistics`, `code`, `friend_link`) VALUES
(1, '邦帮我', '帮帮我商城!', '这里是一个网站描述11', '2016-10-18/580584c2afea2.jpg', 0, 0, '731371050@qq.com', '阿萨德阿萨德1', '邦帮我', '<script type="text/javascript">var cnzz_protocol = (("https:" == document.location.protocol) ? " https://" : " http://");document.write(unescape("%3Cspan id=\'cnzz_stat_icon_1256104530\'%3E%3C/span%3E%3Cscript src=\'" + cnzz_protocol + "s11.cnzz.com/stat.php%3Fid%3D1256104530\' type=\'text/javascript\'%3E%3C/script%3E"));</script>', '正如本站的名称一样，里程密，一个程序员里程的秘密，所以我们更希望这里是一个和谐干净的程序员呆的地方，\r\n而不希望这里像菜市场一样杂乱无章. ', 'www');

-- --------------------------------------------------------

--
-- 表的结构 `h_slides`
--

DROP TABLE IF EXISTS `h_slides`;
CREATE TABLE `h_slides` (
  `id` int(11) NOT NULL,
  `name` varchar(200) NOT NULL,
  `bg_pic` varchar(200) NOT NULL COMMENT '背景图片',
  `head_pic` varchar(200) NOT NULL COMMENT '头像',
  `listpic` varchar(150) NOT NULL COMMENT '列表图片',
  `ctime` int(11) NOT NULL,
  `biaoti` varchar(20) NOT NULL COMMENT '活动标题',
  `jieshao` varchar(50) NOT NULL COMMENT '活动简介',
  `tuiguang` varchar(20) NOT NULL COMMENT '推广类型'
) ENGINE=InnoDB DEFAULT CHARSET=utf8;

--
-- 转存表中的数据 `h_slides`
--

INSERT INTO `h_slides` (`id`, `name`, `bg_pic`, `head_pic`, `listpic`, `ctime`, `biaoti`, `jieshao`, `tuiguang`) VALUES
(2, '美妆洗护优惠通通享不停', 'http://120.27.98.52/helpme/Public/img/muban/2/bgnd.png', 'http://120.27.98.52/helpme/Public/Uploads/2016-10-20/5808784a7b61b.png', 'http://120.27.98.52/helpme/Public/img/muban/2/list.png', 1476429627, '美妆洗护优惠通通享不停', '就是要你美美哒，秋季补水必备神器', '北市区洗护美妆'),
(3, '必胜客美味披萨', 'http://120.27.98.52/helpme/Public/img/muban/3/bgnd.png', 'http://120.27.98.52/helpme/Public/Uploads/2016-10-20/58087843d0e37.png', 'http://120.27.98.52/helpme/Public/img/muban/3/list.png', 1476429657, '必胜客美味披萨', '诱人美味的披萨好吃到让你尖叫~', '朝阳大悦城必胜客'),
(4, '贴心母婴会所的模板', 'http://120.27.98.52/helpme/Public/img/muban/4/bgnd.png', 'http://120.27.98.52/helpme/Public/Uploads/2016-10-20/5808783d2625b.png', 'http://120.27.98.52/helpme/Public/img/muban/4/list.png', 1476429680, '贴心母婴', '贴心母婴会所有活动啦', '母婴'),
(5, '时尚潮流的美衣铺模板', 'http://120.27.98.52/helpme/Public/img/muban/5/bgnd.png', 'http://120.27.98.52/helpme/Public/Uploads/2016-10-20/580878373cadd.png', 'http://120.27.98.52/helpme/Public/img/muban/5/list.png', 1476429698, '时尚潮流', '时尚潮流的美衣铺降价啦', '服装'),
(6, '创意手工等你带回家少女风模板', 'http://120.27.98.52/helpme/Public/Uploads/2016-10-20/5808a7d93b451.png', 'http://120.27.98.52/helpme/Public/Uploads/2016-10-20/580878315313b.png', 'http://120.27.98.52/helpme/Public/Uploads/2016-10-20/5808a7d93afd2.png', 1476429724, '创意手工等你带回家', '简约生活需要手工装饰品点缀装饰~', '北京南锣鼓巷手工品店'),
(11, '茶具', 'http://120.27.98.52/helpme/Public/Uploads/2016-10-20/580875739c56a.png', 'http://120.27.98.52/helpme/Public/Uploads/2016-10-20/580875739c712.png', 'http://120.27.98.52/helpme/Public/Uploads/2016-10-20/580875739bd8f.png', 1476762822, '中国龙井茶具首选', '品茶是您开启品质生活的第一步', '北京茶具店');

-- --------------------------------------------------------

--
-- 表的结构 `h_store`
--

DROP TABLE IF EXISTS `h_store`;
CREATE TABLE `h_store` (
  `store_id` int(11) NOT NULL,
  `uid` int(11) NOT NULL,
  `att_id` int(11) NOT NULL COMMENT '关注表id',
  `username` varchar(10) NOT NULL COMMENT '店长姓名',
  `tel` varchar(20) NOT NULL COMMENT '店长电话',
  `name` varchar(15) NOT NULL COMMENT '店铺名称',
  `s_title` varchar(20) NOT NULL COMMENT '店铺小标题',
  `storetype` varchar(20) NOT NULL COMMENT '商铺类型',
  `serve` varchar(20) NOT NULL COMMENT '特色服务',
  `scope` varchar(15) NOT NULL COMMENT '经营范围',
  `relationtype` varchar(15) NOT NULL COMMENT '联系方式',
  `address` varchar(30) NOT NULL COMMENT '地址',
  `pic` varchar(150) NOT NULL COMMENT '头像',
  `backpic` varchar(500) NOT NULL COMMENT '背景图片',
  `salesnum` int(11) NOT NULL COMMENT '销量',
  `attention` int(11) NOT NULL COMMENT '关注'
) ENGINE=InnoDB DEFAULT CHARSET=utf8;

--
-- 转存表中的数据 `h_store`
--

INSERT INTO `h_store` (`store_id`, `uid`, `att_id`, `username`, `tel`, `name`, `s_title`, `storetype`, `serve`, `scope`, `relationtype`, `address`, `pic`, `backpic`, `salesnum`, `attention`) VALUES
(1, 1, 0, '林雨墨', '15211111111', '韩国美妆铺', '', '家具', '家具', '', '', '', 'http://120.27.98.52/helpme/Public/Uploads/2016-10-22/580b2f9121549.jpg', 'http://120.27.98.52/helpme/Public/Uploads/2016-10-22/580b2f88c3c57.jpg', 0, 0),
(2, 2, 0, '杨阳', '18601030381', '您说得出，我做得到', '', '星座', '您说得出', '就是点电子器件', '18601030381', '河北保定', 'http://120.27.98.52/helpme/Public/Uploads/2016-10-27/58115cfbe5628.jpg', 'http://120.27.98.52/helpme/Public/Uploads/2016-10-24/580dbe66b7023.jpg', 0, 0);

-- --------------------------------------------------------

--
-- 表的结构 `h_user`
--

DROP TABLE IF EXISTS `h_user`;
CREATE TABLE `h_user` (
  `id` int(11) NOT NULL,
  `nickname` varchar(15) DEFAULT NULL COMMENT '昵称',
  `student_number` varchar(20) NOT NULL COMMENT '学号',
  `sex` int(11) DEFAULT NULL COMMENT '性别 2 女  1 男',
  `password` varchar(32) NOT NULL,
  `groups` varchar(200) NOT NULL COMMENT '组',
  `height` int(11) DEFAULT NULL COMMENT '身高',
  `weight` int(11) DEFAULT NULL COMMENT '体重',
  `birthday` varchar(100) DEFAULT NULL COMMENT '生日',
  `workingPlace` varchar(200) DEFAULT NULL COMMENT '工作地址',
  `companytype` varchar(100) NOT NULL COMMENT '单位性质',
  `organization` varchar(100) NOT NULL COMMENT '所属组织',
  `position` varchar(200) DEFAULT NULL COMMENT '职位',
  `medicalHistory` varchar(200) DEFAULT NULL COMMENT '病史',
  `ctime` varchar(50) DEFAULT NULL,
  `status` int(11) DEFAULT NULL,
  `locked` int(11) DEFAULT '2' COMMENT '1 锁定 2 未锁定',
  `realName` varchar(30) DEFAULT NULL,
  `pic` varchar(100) DEFAULT NULL COMMENT '头像',
  `email` varchar(40) DEFAULT NULL,
  `mobile` varchar(100) DEFAULT NULL COMMENT '手机号',
  `identity` varchar(50) DEFAULT NULL COMMENT '角色',
  `moodsocre` varchar(100) NOT NULL COMMENT '心情分数',
  `moodremark` varchar(1000) NOT NULL COMMENT '心情备注',
  `moodtime` varchar(100) NOT NULL COMMENT '心情时间',
  `jl_id` varchar(10) NOT NULL COMMENT '普通管理员id'
) ENGINE=InnoDB DEFAULT CHARSET=utf8;

--
-- 转存表中的数据 `h_user`
--

INSERT INTO `h_user` (`id`, `nickname`, `student_number`, `sex`, `password`, `groups`, `height`, `weight`, `birthday`, `workingPlace`, `companytype`, `organization`, `position`, `medicalHistory`, `ctime`, `status`, `locked`, `realName`, `pic`, `email`, `mobile`, `identity`, `moodsocre`, `moodremark`, `moodtime`, `jl_id`) VALUES
(1, 'aaa', '10123456', 1, 'e10adc3949ba59abbe56e057f20f883e', 'HRV心理调适设备客户', 180, 70, '53', '上海电力集团', '事业单位', '党', '高层', '', '2017-03-23 11:26:06', 0, 2, '张三', 'http://120.27.98.52/helpme/Public/Uploads/UserPic/20161022/580b2eb717a35_thumb.jpg', 'aaa@126.com', '2147483647', '超级管理员', '90', '', '', '3'),
(335, 'Jackchen', '20170331003', 1, 'e56684bd2168785165518bdbf0ec0f53', 'HRV心理调适设备客户', NULL, NULL, '35', '保密', '企业', '', '中层', '', '1490973781', NULL, 2, NULL, NULL, NULL, '18610241268', NULL, '', '', '', '2'),
(336, '泰博吉信科技', '1234567', 2, 'fcea920f7412b5da7be0cf42b8c93759', 'HRV心理调适设备客户', NULL, NULL, '24', '泰博吉信科技', '其他', '', '其他', '', '1492758826', NULL, 2, NULL, NULL, NULL, '0', NULL, '', '', '', '2'),
(337, 'test1', '20170520001', 1, 'e10adc3949ba59abbe56e057f20f883e', '上海市委党校测试组', NULL, NULL, NULL, '上海市委党校', '', '', NULL, NULL, '1495258342', NULL, 2, NULL, NULL, NULL, NULL, NULL, '', '', '', '2'),
(338, 'test2', '20170520002', 1, 'e10adc3949ba59abbe56e057f20f883e', '上海市委党校测试组', NULL, NULL, NULL, '上海市委党校', '', '', NULL, NULL, '1495258378', NULL, 2, NULL, NULL, NULL, NULL, NULL, '', '', '', '2'),
(339, 'test3', '20170520003', 1, 'e10adc3949ba59abbe56e057f20f883e', '上海市委党校测试组', NULL, NULL, NULL, '上海市委党校', '', '', NULL, NULL, '1495258423', NULL, 2, NULL, NULL, NULL, NULL, NULL, '', '', '', '2'),
(344, '张三1', '20170910', 0, 'e10adc3949ba59abbe56e057f20f883e', '上海市委党校测试组', NULL, NULL, NULL, '无业', '', '', NULL, NULL, '2017-09-11 12:14:20', 1, 2, NULL, NULL, NULL, NULL, NULL, '', '', '', ''),
(345, '张三2', '20170911', 0, 'e10adc3949ba59abbe56e057f20f883e', '上海市委党校测试组', NULL, NULL, NULL, '无业', '', '', NULL, NULL, '2017-09-11 12:14:20', 1, 2, NULL, NULL, NULL, NULL, NULL, '', '', '', ''),
(346, '张三3', '20170912', 0, 'e10adc3949ba59abbe56e057f20f883e', '上海市委党校测试组', NULL, NULL, NULL, '无业', '', '', NULL, NULL, '2017-09-11 12:14:20', 1, 2, NULL, NULL, NULL, '3', NULL, '', '', '', ''),
(347, '张三4', '20170913', 0, 'e10adc3949ba59abbe56e057f20f883e', '上海市委党校测试组', NULL, NULL, '1', '无业', '', '', NULL, NULL, '2017-09-11 12:14:20', 1, 2, NULL, NULL, NULL, NULL, NULL, '', '', '', ''),
(348, '张三5', '20170914', 0, 'e10adc3949ba59abbe56e057f20f883e', '上海市委党校测试组', NULL, NULL, NULL, '无业', '', '', NULL, NULL, '2017-09-11 12:14:20', 1, 2, NULL, NULL, NULL, NULL, NULL, '', '', '', ''),
(349, '张三6', '20170915', 0, 'e10adc3949ba59abbe56e057f20f883e', '上海市委党校测试组', NULL, NULL, NULL, '无业', '', '', NULL, NULL, '2017-09-11 12:14:20', 1, 2, NULL, NULL, NULL, NULL, NULL, '', '', '', ''),
(350, '张三7', '20170916', 0, 'e10adc3949ba59abbe56e057f20f883e', '上海市委党校测试组', NULL, NULL, NULL, '无业', '', '', NULL, NULL, '2017-09-11 12:14:20', 1, 2, NULL, NULL, NULL, NULL, NULL, '', '', '', ''),
(351, '张三8', '20170917', 0, 'e10adc3949ba59abbe56e057f20f883e', '上海市委党校测试组', NULL, NULL, NULL, '无业', '', '', NULL, NULL, '2017-09-11 12:14:20', 1, 2, NULL, NULL, NULL, NULL, NULL, '', '', '', ''),
(352, '王五', '20170912001', 1, 'e10adc3949ba59abbe56e057f20f883e', '上海测试组', NULL, NULL, '40', '', '政府', '', '正处', '', '1505197925', NULL, 2, NULL, NULL, NULL, '', NULL, '', '', '', '2'),
(353, '靳', '1', 1, 'e10adc3949ba59abbe56e057f20f883e', '健康中心', NULL, NULL, NULL, '', '', '', NULL, NULL, '1505378327', NULL, 2, NULL, NULL, NULL, NULL, NULL, '', '', '', '14'),
(360, 'hrv测试 测试', '2017065838', 2, 'e10adc3949ba59abbe56e057f20f883e', '一年级', NULL, NULL, '45', '青年路风水宝地', '政府', '', '中层', '', '2017-09-19 15:14:55', 1, 2, NULL, NULL, NULL, '15857812185', NULL, '', '', '', '2'),
(361, '小六子', '20170922', 1, 'e10adc3949ba59abbe56e057f20f883e', '9月处级班', NULL, NULL, '40', '', '事业单位', '', '', '', '1506079373', NULL, 2, NULL, NULL, NULL, '', NULL, '', '', '', '12'),
(362, ' 越说越是', 'kl听过五月天 ', 0, 'e10adc3949ba59abbe56e057f20f883e', '一年级', NULL, NULL, '', '', '', '', '', '', '1506568049', NULL, 2, NULL, NULL, NULL, '', NULL, '', '', '', '2'),
(363, 'test1', 'SH20171201001', 2, 'e10adc3949ba59abbe56e057f20f883e', '处级班', NULL, NULL, '34', '上海普华', '政府', '', '科级及以下', '鼻炎', '1512095226', NULL, 2, NULL, NULL, NULL, '11111111111', NULL, '', '', '', '23'),
(364, '', 'test20171221', 2, 'e10adc3949ba59abbe56e057f20f883e', '测试组1', NULL, NULL, '', '', '', '', '', '', '1512643351', NULL, 2, NULL, NULL, NULL, '', NULL, '', '', '', '26'),
(367, '张安', '1200001', NULL, 'e10adc3949ba59abbe56e057f20f883e', '科级班12月第一期', NULL, NULL, NULL, '地铁', '', '', NULL, NULL, '2017-12-08 16:53:38', 1, 2, NULL, NULL, NULL, NULL, NULL, '', '', '', '23'),
(368, '王丽', '1200002', NULL, 'e10adc3949ba59abbe56e057f20f883e', '科级班12月第一期', NULL, NULL, NULL, '家里盾', '', '', NULL, NULL, '2017-12-08 16:53:38', 1, 2, NULL, NULL, NULL, NULL, NULL, '', '', '', '23'),
(369, '', 'BJ2017005', NULL, 'e10adc3949ba59abbe56e057f20f883e', '北京处级班', NULL, NULL, NULL, '', '', '', NULL, NULL, '1512731568', NULL, 2, NULL, NULL, NULL, NULL, NULL, '', '', '', '25'),
(386, '测试测试', 'SH123456', NULL, 'e10adc3949ba59abbe56e057f20f883e', '处级班', NULL, NULL, NULL, '', '', '', NULL, NULL, '1512743910', NULL, 2, NULL, NULL, NULL, NULL, NULL, '', '', '', '23'),
(418, NULL, '201709101', NULL, 'e10adc3949ba59abbe56e057f20f883e', '一年级', NULL, NULL, NULL, NULL, '', '', NULL, NULL, '2017-12-09 14:36:48', 1, 2, NULL, NULL, NULL, NULL, NULL, '', '', '', '2'),
(419, NULL, '201709112', NULL, 'e10adc3949ba59abbe56e057f20f883e', '一年级', NULL, NULL, NULL, NULL, '', '', NULL, NULL, '2017-12-09 14:36:48', 1, 2, NULL, NULL, NULL, NULL, NULL, '', '', '', '2'),
(420, NULL, '201709123', NULL, 'e10adc3949ba59abbe56e057f20f883e', '一年级', NULL, NULL, NULL, NULL, '', '', NULL, NULL, '2017-12-09 14:36:48', 1, 2, NULL, NULL, NULL, NULL, NULL, '', '', '', '2'),
(421, NULL, '201709134', NULL, 'e10adc3949ba59abbe56e057f20f883e', '一年级', NULL, NULL, NULL, NULL, '', '', NULL, NULL, '2017-12-09 14:36:48', 1, 2, NULL, NULL, NULL, NULL, NULL, '', '', '', '2'),
(423, '张三', '123456121001', NULL, 'e10adc3949ba59abbe56e057f20f883e', '科级干部', NULL, NULL, NULL, '卫生局', '', '', NULL, NULL, '1512890108', NULL, 2, NULL, NULL, NULL, NULL, NULL, '', '', '', '27'),
(424, '咨询师', 'SH121001', NULL, 'e10adc3949ba59abbe56e057f20f883e', '科级', NULL, NULL, NULL, '', '', '', NULL, NULL, '1512894723', NULL, 2, NULL, NULL, NULL, NULL, NULL, '', '', '', '28');

-- --------------------------------------------------------

--
-- 表的结构 `h_userinfo`
--

DROP TABLE IF EXISTS `h_userinfo`;
CREATE TABLE `h_userinfo` (
  `uid` int(11) NOT NULL,
  `pic` varchar(50) DEFAULT NULL,
  `biaoqian` varchar(200) DEFAULT NULL,
  `description` varchar(250) DEFAULT NULL,
  `gexing` varchar(250) DEFAULT NULL,
  `shanchangtitle1` varchar(30) DEFAULT NULL,
  `shanchangtitle2` varchar(30) DEFAULT NULL,
  `shanchangtitle3` varchar(30) DEFAULT NULL,
  `shanchangtitle4` varchar(30) DEFAULT NULL,
  `shanchangcontent1` varchar(250) DEFAULT NULL,
  `shanchangcontent2` varchar(250) DEFAULT NULL,
  `shanchangcontent3` varchar(250) DEFAULT NULL,
  `shanchangcontent4` varchar(250) DEFAULT NULL,
  `zuopintitle1` varchar(30) DEFAULT NULL,
  `zuopintitle2` varchar(30) DEFAULT NULL,
  `zuopintitle3` varchar(30) DEFAULT NULL,
  `zuopintitle4` varchar(30) DEFAULT NULL,
  `zuopincontent1` varchar(90) DEFAULT NULL,
  `zuopincontent2` varchar(90) DEFAULT NULL,
  `zuopincontent3` varchar(90) DEFAULT NULL,
  `zuopincontent4` varchar(90) DEFAULT NULL,
  `zuopinpic` varchar(255) DEFAULT NULL,
  `geyan` varchar(100) DEFAULT NULL,
  `pingjianan` varchar(200) DEFAULT NULL,
  `pingjianv` varchar(200) DEFAULT NULL
) ENGINE=InnoDB DEFAULT CHARSET=utf8;

--
-- 转存表中的数据 `h_userinfo`
--

INSERT INTO `h_userinfo` (`uid`, `pic`, `biaoqian`, `description`, `gexing`, `shanchangtitle1`, `shanchangtitle2`, `shanchangtitle3`, `shanchangtitle4`, `shanchangcontent1`, `shanchangcontent2`, `shanchangcontent3`, `shanchangcontent4`, `zuopintitle1`, `zuopintitle2`, `zuopintitle3`, `zuopintitle4`, `zuopincontent1`, `zuopincontent2`, `zuopincontent3`, `zuopincontent4`, `zuopinpic`, `geyan`, `pingjianan`, `pingjianv`) VALUES
(3, 'default.png', '', '', '', '', '', '', '', '', '', '', '', '', '', '', '', '', '', '', '', '', '', '', ''),
(4, 'default.png', '', '', '', '', '', '', '', '', '', '', '', '', '', '', '', '', '', '', '', '', '', '', ''),
(5, 'default.png', '', '', '', '', '', '', '', '', '', '', '', '', '', '', '', '', '', '', '', '', '', '', ''),
(6, 'default.png', '', '', '', '', '', '', '', '', '', '', '', '', '', '', '', '', '', '', '', '', '', '', ''),
(7, 'default.png', '', '', '', '', '', '', '', '', '', '', '', '', '', '', '', '', '', '', '', '', '', '', ''),
(8, 'default.png', '', '', '', '', '', '', '', '', '', '', '', '', '', '', '', '', '', '', '', '', '', '', ''),
(9, 'default.png', '', '', '', '', '', '', '', '', '', '', '', '', '', '', '', '', '', '', '', '', '', '', ''),
(10, 'default.png', '', '', '', '', '', '', '', '', '', '', '', '', '', '', '', '', '', '', '', '', '', '', ''),
(11, 'default.png', '', '', '', '', '', '', '', '', '', '', '', '', '', '', '', '', '', '', '', '', '', '', ''),
(12, 'default.png', '', '', '', '', '', '', '', '', '', '', '', '', '', '', '', '', '', '', '', '', '', '', ''),
(13, 'default.png', '', '', '', '', '', '', '', '', '', '', '', '', '', '', '', '', '', '', '', '', '', '', '');

--
-- Indexes for dumped tables
--

--
-- Indexes for table `h_article`
--
ALTER TABLE `h_article`
  ADD PRIMARY KEY (`id`);

--
-- Indexes for table `h_authority`
--
ALTER TABLE `h_authority`
  ADD PRIMARY KEY (`id`);

--
-- Indexes for table `h_blogliuyan`
--
ALTER TABLE `h_blogliuyan`
  ADD PRIMARY KEY (`id`);

--
-- Indexes for table `h_channel`
--
ALTER TABLE `h_channel`
  ADD PRIMARY KEY (`channel_id`);

--
-- Indexes for table `h_code`
--
ALTER TABLE `h_code`
  ADD PRIMARY KEY (`id`);

--
-- Indexes for table `h_comment`
--
ALTER TABLE `h_comment`
  ADD PRIMARY KEY (`id`),
  ADD KEY `comment` (`article_id`);

--
-- Indexes for table `h_datas`
--
ALTER TABLE `h_datas`
  ADD PRIMARY KEY (`id`);

--
-- Indexes for table `h_email_set`
--
ALTER TABLE `h_email_set`
  ADD PRIMARY KEY (`id`);

--
-- Indexes for table `h_email_type`
--
ALTER TABLE `h_email_type`
  ADD PRIMARY KEY (`id`);

--
-- Indexes for table `h_fenlei`
--
ALTER TABLE `h_fenlei`
  ADD PRIMARY KEY (`id`);

--
-- Indexes for table `h_friendlink`
--
ALTER TABLE `h_friendlink`
  ADD PRIMARY KEY (`id`);

--
-- Indexes for table `h_gonggao`
--
ALTER TABLE `h_gonggao`
  ADD PRIMARY KEY (`id`);

--
-- Indexes for table `h_jingli`
--
ALTER TABLE `h_jingli`
  ADD PRIMARY KEY (`id`),
  ADD KEY `id` (`id`);

--
-- Indexes for table `h_js`
--
ALTER TABLE `h_js`
  ADD PRIMARY KEY (`id`),
  ADD KEY `jl_id` (`jl_id`);

--
-- Indexes for table `h_liuyan`
--
ALTER TABLE `h_liuyan`
  ADD PRIMARY KEY (`id`);

--
-- Indexes for table `h_log`
--
ALTER TABLE `h_log`
  ADD PRIMARY KEY (`id`);

--
-- Indexes for table `h_member`
--
ALTER TABLE `h_member`
  ADD PRIMARY KEY (`id`);

--
-- Indexes for table `h_mood`
--
ALTER TABLE `h_mood`
  ADD PRIMARY KEY (`id`);

--
-- Indexes for table `h_muban`
--
ALTER TABLE `h_muban`
  ADD PRIMARY KEY (`id`);

--
-- Indexes for table `h_organization`
--
ALTER TABLE `h_organization`
  ADD PRIMARY KEY (`id`);

--
-- Indexes for table `h_player`
--
ALTER TABLE `h_player`
  ADD PRIMARY KEY (`id`);

--
-- Indexes for table `h_radardatas`
--
ALTER TABLE `h_radardatas`
  ADD PRIMARY KEY (`id`);

--
-- Indexes for table `h_record`
--
ALTER TABLE `h_record`
  ADD PRIMARY KEY (`id`),
  ADD KEY `user_id` (`user_id`);

--
-- Indexes for table `h_replies`
--
ALTER TABLE `h_replies`
  ADD PRIMARY KEY (`id`);

--
-- Indexes for table `h_settings`
--
ALTER TABLE `h_settings`
  ADD PRIMARY KEY (`id`);

--
-- Indexes for table `h_shoptype`
--
ALTER TABLE `h_shoptype`
  ADD PRIMARY KEY (`shoptype_id`);

--
-- Indexes for table `h_site`
--
ALTER TABLE `h_site`
  ADD PRIMARY KEY (`id`);

--
-- Indexes for table `h_slides`
--
ALTER TABLE `h_slides`
  ADD PRIMARY KEY (`id`);

--
-- Indexes for table `h_store`
--
ALTER TABLE `h_store`
  ADD PRIMARY KEY (`store_id`);

--
-- Indexes for table `h_user`
--
ALTER TABLE `h_user`
  ADD PRIMARY KEY (`id`),
  ADD KEY `groups` (`groups`),
  ADD KEY `jl_id` (`jl_id`);

--
-- Indexes for table `h_userinfo`
--
ALTER TABLE `h_userinfo`
  ADD PRIMARY KEY (`uid`);

--
-- 在导出的表使用AUTO_INCREMENT
--

--
-- 使用表AUTO_INCREMENT `h_article`
--
ALTER TABLE `h_article`
  MODIFY `id` int(11) NOT NULL AUTO_INCREMENT;
--
-- 使用表AUTO_INCREMENT `h_authority`
--
ALTER TABLE `h_authority`
  MODIFY `id` int(11) NOT NULL AUTO_INCREMENT, AUTO_INCREMENT=8;
--
-- 使用表AUTO_INCREMENT `h_blogliuyan`
--
ALTER TABLE `h_blogliuyan`
  MODIFY `id` int(11) NOT NULL AUTO_INCREMENT;
--
-- 使用表AUTO_INCREMENT `h_channel`
--
ALTER TABLE `h_channel`
  MODIFY `channel_id` int(11) NOT NULL AUTO_INCREMENT, AUTO_INCREMENT=16;
--
-- 使用表AUTO_INCREMENT `h_code`
--
ALTER TABLE `h_code`
  MODIFY `id` int(11) NOT NULL AUTO_INCREMENT, AUTO_INCREMENT=163;
--
-- 使用表AUTO_INCREMENT `h_comment`
--
ALTER TABLE `h_comment`
  MODIFY `id` int(11) NOT NULL AUTO_INCREMENT, AUTO_INCREMENT=2;
--
-- 使用表AUTO_INCREMENT `h_datas`
--
ALTER TABLE `h_datas`
  MODIFY `id` int(11) NOT NULL AUTO_INCREMENT, AUTO_INCREMENT=9;
--
-- 使用表AUTO_INCREMENT `h_email_set`
--
ALTER TABLE `h_email_set`
  MODIFY `id` int(11) NOT NULL AUTO_INCREMENT, AUTO_INCREMENT=2;
--
-- 使用表AUTO_INCREMENT `h_email_type`
--
ALTER TABLE `h_email_type`
  MODIFY `id` int(11) NOT NULL AUTO_INCREMENT, AUTO_INCREMENT=2;
--
-- 使用表AUTO_INCREMENT `h_fenlei`
--
ALTER TABLE `h_fenlei`
  MODIFY `id` int(11) NOT NULL AUTO_INCREMENT, AUTO_INCREMENT=70;
--
-- 使用表AUTO_INCREMENT `h_friendlink`
--
ALTER TABLE `h_friendlink`
  MODIFY `id` int(11) NOT NULL AUTO_INCREMENT COMMENT '主键';
--
-- 使用表AUTO_INCREMENT `h_gonggao`
--
ALTER TABLE `h_gonggao`
  MODIFY `id` int(11) NOT NULL AUTO_INCREMENT, AUTO_INCREMENT=21;
--
-- 使用表AUTO_INCREMENT `h_jingli`
--
ALTER TABLE `h_jingli`
  MODIFY `id` int(11) NOT NULL AUTO_INCREMENT, AUTO_INCREMENT=29;
--
-- 使用表AUTO_INCREMENT `h_js`
--
ALTER TABLE `h_js`
  MODIFY `id` int(11) NOT NULL AUTO_INCREMENT, AUTO_INCREMENT=76;
--
-- 使用表AUTO_INCREMENT `h_liuyan`
--
ALTER TABLE `h_liuyan`
  MODIFY `id` int(11) NOT NULL AUTO_INCREMENT, AUTO_INCREMENT=12;
--
-- 使用表AUTO_INCREMENT `h_log`
--
ALTER TABLE `h_log`
  MODIFY `id` int(11) NOT NULL AUTO_INCREMENT, AUTO_INCREMENT=4;
--
-- 使用表AUTO_INCREMENT `h_member`
--
ALTER TABLE `h_member`
  MODIFY `id` int(11) NOT NULL AUTO_INCREMENT;
--
-- 使用表AUTO_INCREMENT `h_mood`
--
ALTER TABLE `h_mood`
  MODIFY `id` int(11) NOT NULL AUTO_INCREMENT, AUTO_INCREMENT=62;
--
-- 使用表AUTO_INCREMENT `h_muban`
--
ALTER TABLE `h_muban`
  MODIFY `id` int(11) NOT NULL AUTO_INCREMENT, AUTO_INCREMENT=10;
--
-- 使用表AUTO_INCREMENT `h_organization`
--
ALTER TABLE `h_organization`
  MODIFY `id` int(11) NOT NULL AUTO_INCREMENT, AUTO_INCREMENT=23;
--
-- 使用表AUTO_INCREMENT `h_player`
--
ALTER TABLE `h_player`
  MODIFY `id` int(11) NOT NULL AUTO_INCREMENT, AUTO_INCREMENT=9;
--
-- 使用表AUTO_INCREMENT `h_radardatas`
--
ALTER TABLE `h_radardatas`
  MODIFY `id` int(11) NOT NULL AUTO_INCREMENT, AUTO_INCREMENT=431;
--
-- 使用表AUTO_INCREMENT `h_record`
--
ALTER TABLE `h_record`
  MODIFY `id` int(11) NOT NULL AUTO_INCREMENT;
--
-- 使用表AUTO_INCREMENT `h_replies`
--
ALTER TABLE `h_replies`
  MODIFY `id` int(11) NOT NULL AUTO_INCREMENT;
--
-- 使用表AUTO_INCREMENT `h_settings`
--
ALTER TABLE `h_settings`
  MODIFY `id` int(11) NOT NULL AUTO_INCREMENT, AUTO_INCREMENT=2;
--
-- 使用表AUTO_INCREMENT `h_shoptype`
--
ALTER TABLE `h_shoptype`
  MODIFY `shoptype_id` int(11) NOT NULL AUTO_INCREMENT, AUTO_INCREMENT=7;
--
-- 使用表AUTO_INCREMENT `h_site`
--
ALTER TABLE `h_site`
  MODIFY `id` int(11) NOT NULL AUTO_INCREMENT, AUTO_INCREMENT=2;
--
-- 使用表AUTO_INCREMENT `h_slides`
--
ALTER TABLE `h_slides`
  MODIFY `id` int(11) NOT NULL AUTO_INCREMENT, AUTO_INCREMENT=12;
--
-- 使用表AUTO_INCREMENT `h_store`
--
ALTER TABLE `h_store`
  MODIFY `store_id` int(11) NOT NULL AUTO_INCREMENT, AUTO_INCREMENT=3;
--
-- 使用表AUTO_INCREMENT `h_user`
--
ALTER TABLE `h_user`
  MODIFY `id` int(11) NOT NULL AUTO_INCREMENT, AUTO_INCREMENT=425;
/*!40101 SET CHARACTER_SET_CLIENT=@OLD_CHARACTER_SET_CLIENT */;
/*!40101 SET CHARACTER_SET_RESULTS=@OLD_CHARACTER_SET_RESULTS */;
/*!40101 SET COLLATION_CONNECTION=@OLD_COLLATION_CONNECTION */;
